Job_Title,Skills_Found,JD_Text,URL
System Engineer (Linux Operation/ DBA),"nginx, apache, prometheus, ubuntu, centos, mariadb, oracle, vmware, mysql, grafana, zabbix, postgresql","Yêu cầu ứng viên

System:

Có ít nhất 1 – 2 năm kinh nghiệm vận hành hệ thống (CentOS, Ubuntu, RedHat)
Có kinh nghiệm sử dụng các công cụ giám sát (Zabbix, Grafana, Prometheus, ELK,...)
Có kinh nghiệm...",https://www.topcv.vn/viec-lam/system-engineer-linux-operation-dba/1939839.html?ta_source=JobSearchList_LinkDetail&u_sr_id=KW0jG5PoPB9RO7JaQsbFxWiZIMpIIPGMGZFxboiO_1763294576
Kỹ Sư/Nhân Viên Chất Lượng - QA/QC Engineer,"qc, english","Yêu cầu ứng viên

- Have a bachelor’s in engineering (Mechanical/Electrical/Controls/Automotive/...)
- Can communicate in English
- Fluent in Auto Cad, Excel, Word, and PowerPoint.
- Having knowledge ...",https://www.topcv.vn/viec-lam/ky-su-nhan-vien-chat-luong-qa-qc-engineer/1947620.html?ta_source=JobSearchList_LinkDetail&u_sr_id=KW0jG5PoPB9RO7JaQsbFxWiZIMpIIPGMGZFxboiO_1763294612
Senior Business Analyst (ERP System),"waterfall, ux, giao tiếp, confluence, ui, đàm phán, ui/ux, tiếng anh, jira, ba, erp, thuyết trình, agile, sap, scrum, tư duy logic","Yêu cầu ứng viên

Trình độ: Tốt nghiệp Đại học trở lên chuyên ngành Hệ thống thông tin quản lý, Công nghệ thông tin, Toán tin hoặc các ngành liên quan.

Kinh nghiệm:

Tối thiểu 5 năm kinh nghiệm ở vị ...",https://www.topcv.vn/viec-lam/senior-business-analyst-erp-system/1940992.html?ta_source=JobSearchList_LinkDetail&u_sr_id=KW0jG5PoPB9RO7JaQsbFxWiZIMpIIPGMGZFxboiO_1763294576
"PHP Backend Developer (PHP Frameworks, MySQL/PostgreSQL)","css3, giao tiếp, laravel, tiếng anh, php, docker, github, javascript, mysql, làm việc nhóm, html5, postgresql","Yêu cầu ứng viên
Tối thiểu 1 năm kinh nghiệm thực tế trong lập trình backend với ngôn ngữ PHP.
Có kinh nghiệm về PHP Framework (Laravel, CakePHP, …) hoặc Core PHP.
Có kinh nghiệm về database: MySQL ho...",https://www.topcv.vn/viec-lam/php-backend-developer-php-frameworks-mysql-postgresql/1937096.html?ta_source=JobSearchList_LinkDetail&u_sr_id=KW0jG5PoPB9RO7JaQsbFxWiZIMpIIPGMGZFxboiO_1763294589
IT Fullstack,"webgl, html, làm việc nhóm, graphql, css, sáng tạo, rest, api, three.js, reactjs, javascript, next.js, giải quyết vấn đề, react","Yêu cầu ứng viên

- Có kinh nghiệm thực chiến từ 5 năm trở lên ở vị trí IT Fullstack, Creative Technologist hoặc Frontend-focused Experiential Developer, đặc biệt ưu tiên kinh nghiệm trong môi trường ...",https://www.topcv.vn/viec-lam/it-fullstack/1945460.html?ta_source=JobSearchList_LinkDetail&u_sr_id=KW0jG5PoPB9RO7JaQsbFxWiZIMpIIPGMGZFxboiO_1763294616
IT Project Manager (PM),giao tiếp,"Yêu cầu ứng viên

Tốt nghiệp Đại học chuyên ngành CNTT, Hệ thống thông tin, Quản trị dự án hoặc ngành liên quan.

- Có ít nhất 1 năm kinh nghiệm ở vị trí tương đương.

- Thành thạo kỹ năng lập kế hoạc...",https://www.topcv.vn/viec-lam/it-project-manager-pm/1738485.html?ta_source=JobSearchList_LinkDetail&u_sr_id=KW0jG5PoPB9RO7JaQsbFxWiZIMpIIPGMGZFxboiO_1763294612
Project Manager - Chuyên Gia Quản Trị Dự Án Công Nghệ Thông Tin,"ngân hàng, waterfall, giao tiếp, tiếng anh, agile, tài chính","Yêu cầu ứng viên
Tốt nghiệp Đại học trở lên các chuyên ngành Công nghệ thông tin/ Điện tử viễn thông/ Toán tin
Có chứng chỉ quản lý dự án quốc tế như PMP, Prince 2, ACP, ...
Kinh nghiệm công tác: Tối ...",https://www.topcv.vn/viec-lam/project-manager-chuyen-gia-quan-tri-du-an-cong-nghe-thong-tin/1953086.html?ta_source=JobSearchList_LinkDetail&u_sr_id=KW0jG5PoPB9RO7JaQsbFxWiZIMpIIPGMGZFxboiO_1763294599
"Embedded Systems Engineer (MCU, RTOS, Linux OS)","c++, python, unix, linux, english, git, c, svn, communication","Yêu cầu ứng viên

MUST HAVE

Bachelor’s Degree or above in Electronic Engineering, Telecommunication, Computer Science, Computer,...
Strong in C/C++ programming for Embedded Development.
Experience in...",https://www.topcv.vn/viec-lam/embedded-systems-engineer-mcu-rtos-linux-os/1448528.html?ta_source=JobSearchList_LinkDetail&u_sr_id=KW0jG5PoPB9RO7JaQsbFxWiZIMpIIPGMGZFxboiO_1763294603
.Net Developer - Upto 20M,"gitlab, jquery, html, sql, css, bootstrap, linux, redis, git, github, javascript, sql server, chủ động, làm việc nhóm, iis, .net","Yêu cầu ứng viên
Kinh nghiệm phát triển dự án bằng .Net tối thiểu 2 năm trở lên
Có kiến thức nền tảng và kinh nghiệm về: Javascript, JQuery, HTML,CSS, Bootstrap
Có hiểu biết về các công nghệ Redis, Re...",https://www.topcv.vn/viec-lam/net-developer-upto-20m/1947457.html?ta_source=JobSearchList_LinkDetail&u_sr_id=KW0jG5PoPB9RO7JaQsbFxWiZIMpIIPGMGZFxboiO_1763294585
Odoo Developer,"html, python, giao tiếp, css, crm, devops, docker, git, javascript, ci/cd, làm việc nhóm, giải quyết vấn đề, postgresql","Yêu cầu ứng viên

Tối thiểu 2-3 năm kinh nghiệm lập trình với Odoo (phiên bản 16 trở lên)
Thành thạo Python và các framework phát triển Odoo
Kinh nghiệm làm việc với PostgreSQL
Hiểu biết vững về các m...",https://www.topcv.vn/viec-lam/odoo-developer/1952255.html?ta_source=JobSearchList_LinkDetail&u_sr_id=KW0jG5PoPB9RO7JaQsbFxWiZIMpIIPGMGZFxboiO_1763294599
Back End Developer (Java),"gcp, pl/sql, spring boot, ci/cd, spring, python, sql, confluence, api, oracle, mysql, jira, git, toeic, english, postgresql, kubernetes, proactive, rest, aws, java","Yêu cầu ứng viên
Have at least 3 years of experience in JAVA (Highly preferred)
Have experience developing web applications
Have Java programming experience
Developed based on Spring, Spring Boot F/W,...",https://www.topcv.vn/viec-lam/back-end-developer-java/1624122.html?ta_source=JobSearchList_LinkDetail&u_sr_id=KW0jG5PoPB9RO7JaQsbFxWiZIMpIIPGMGZFxboiO_1763294571
"Full Stack Developer (Java, Springboot, React)","spring, html, python, spring boot, aws, mariadb, azure, google cloud, mysql, javascript, java, react","Yêu cầu ứng viên

[Required]

Bachelor's degree of Information Technology or higher
Have working experience and excellent knowledge at software developing using Java, Spring boot
Have working experien...",https://www.topcv.vn/viec-lam/full-stack-developer-java-springboot-react/1783213.html?ta_source=JobSearchList_LinkDetail&u_sr_id=KW0jG5PoPB9RO7JaQsbFxWiZIMpIIPGMGZFxboiO_1763294571
Project Manager,"giao tiếp, tiếng anh, aws, n1, azure, agile, chủ động, tiếng nhật, giải quyết vấn đề, n2","Yêu cầu ứng viên

Bắt buộc:
- Tiếng Nhật N1 (N2 vẫn được xem xét nếu kinh nghiệm nổi bật)
- Tối thiểu 5 năm kinh nghiệm quản lý dự án phát triển hệ thống
- Thành thạo các giai đoạn thiết kế thượng tần...",https://www.topcv.vn/viec-lam/project-manager/1828745.html?ta_source=JobSearchList_LinkDetail&u_sr_id=KW0jG5PoPB9RO7JaQsbFxWiZIMpIIPGMGZFxboiO_1763294599
"Backend Developer, 2 Năm Kinh Nghiệm, Thu Nhập 15-20 Triệu, Đi Làm Ngay","golang, giao tiếp, linux, tiếng anh, jira, nodejs, git, typescript, mysql, làm việc nhóm, mongodb, postgresql","Yêu cầu ứng viên

1.Trình độ học vấn

Bằng cấp và chuyên ngành: Đại học; Chuyên ngành: công nghệ thông tin, khoa học máy tính, kỹ thuật phần mềm, hệ thống thông tin, an toàn thông tin
Có khả năng đọc ...",https://www.topcv.vn/viec-lam/backend-developer-2-nam-kinh-nghiem-thu-nhap-15-20-trieu-di-lam-ngay/1949689.html?ta_source=JobSearchList_LinkDetail&u_sr_id=KW0jG5PoPB9RO7JaQsbFxWiZIMpIIPGMGZFxboiO_1763294571
Cộng Tác Viên Kinh Doanh Bất Động Sản Nhà Phố - Thu Nhập Ít Nhất 43tr/Căn,,"Yêu cầu ứng viên

- Có điện thoại và phương tiện đi lại.

- Chăm chỉ, ham học hỏi.

- Nam/ Nữ. Từ 18 tuổi trở lên, không cần bằng cấp.

- Bạn có thể làm nhiều công việc cùng nhau....",https://www.topcv.vn/viec-lam/cong-tac-vien-kinh-doanh-bat-dong-san-nha-pho-thu-nhap-it-nhat-43tr-can/1891743.html?ta_source=JobSearchList_LinkDetail&u_sr_id=KW0jG5PoPB9RO7JaQsbFxWiZIMpIIPGMGZFxboiO_1763294576
Nhân Viên Kiểm Thử Phần Mềm (Dự Án Chuyển Đổi Số),"sql, giao tiếp, api, thuyết trình, tư duy logic","Yêu cầu ứng viên

Tốt nghiệp Đại học chuyên ngành Công nghệ thông tin, Khoa học máy tính hoặc các ngành liên quan. 
Có 2 năm kinh nghiệm ở vị trí tester, có kinh nghiệm test API, kỹ năng sử dụng SQL đ...",https://www.topcv.vn/brand/fptis/tuyen-dung/nhan-vien-kiem-thu-phan-mem-du-an-chuyen-doi-so-j1937912.html?ta_source=JobSearchList_LinkDetail&u_sr_id=KW0jG5PoPB9RO7JaQsbFxWiZIMpIIPGMGZFxboiO_1763294565
Trưởng Nhóm Đảm Bảo Chất Lượng - QA Leader,"postman, qa, tư duy phản biện, giao tiếp, crm, lãnh đạo, tiếng anh, erp, chủ động","Yêu cầu ứng viên
Tối thiểu 4 năm kinh nghiệm trong lĩnh vực QA, trong đó ít nhất 1 năm ở vị trí QA Leader hoặc Team Lead.
Có kinh nghiệm xây dựng và vận hành quy trình QA, bao gồm test plan, buglist, ...",https://www.topcv.vn/viec-lam/truong-nhom-dam-bao-chat-luong-qa-leader/1947028.html?ta_source=JobSearchList_LinkDetail&u_sr_id=KW0jG5PoPB9RO7JaQsbFxWiZIMpIIPGMGZFxboiO_1763294612
Chuyên Viên IT System,"giao tiếp, làm việc nhóm, tiếng anh","Yêu cầu ứng viên

1.Yêu cầu công việc

Bạn là người đam mê với công nghệ, có hiểu biết về phần cứng, mạng lưới, hệ điều hành, bảo mật mạng.
Tốt nghiệp chuyên ngành CNTT hoặc Điện tử viễn thông (mạng v...",https://www.topcv.vn/viec-lam/chuyen-vien-it-system/1945595.html?ta_source=JobSearchList_LinkDetail&u_sr_id=KW0jG5PoPB9RO7JaQsbFxWiZIMpIIPGMGZFxboiO_1763294565
Kiến Trúc Sư Phần Mềm Cấp Cao,"c++, tensorflow, pytorch, giao tiếp, lãnh đạo, machine learning","Yêu cầu ứng viên

• Bằng cử nhân trở lên trong các ngành Khoa học Máy tính, Kỹ thuật Phần mềm hoặc lĩnh vực liên quan.
• Tối thiểu 5 năm kinh nghiệm phát triển phần mềm C++, trong đó ít nhất 3 năm giữ...",https://www.topcv.vn/viec-lam/kien-truc-su-phan-mem-cap-cao/1871795.html?ta_source=JobSearchList_LinkDetail&u_sr_id=KW0jG5PoPB9RO7JaQsbFxWiZIMpIIPGMGZFxboiO_1763294616
Unity Developer (Middle/Senior),"chủ động, làm việc nhóm, tiếng anh","Yêu cầu ứng viên
Đam mê chơi và làm Game cho thị trường quốc tế
Có kiến thức và ít nhất 3 năm kinh nghiệm làm game bằng Unity
Đọc hiểu tiếng Anh chuyên ngành
Có kiến thức về cấu trúc dữ liệu, thuật to...",https://www.topcv.vn/viec-lam/unity-developer-middle-senior/1829457.html?ta_source=JobSearchList_LinkDetail&u_sr_id=KW0jG5PoPB9RO7JaQsbFxWiZIMpIIPGMGZFxboiO_1763294594
Chuyên Viên Triển Khai Phần Mềm Y Tế - HIS,"sql, giao tiếp, angular, chủ động, c#, bảo mật thông tin, giải quyết vấn đề","Yêu cầu ứng viên

Yêu cầu năng lực và kinh nghiệm:

- Tốt nghiệp đại học chuyên ngành Công nghệ thông tin, Khoa học máy tính, Kỹ thuật phần mềm hoặc Hệ thống thông tin.

- Kinh nghiệm:

+ Có kiến thức...",https://www.topcv.vn/viec-lam/chuyen-vien-trien-khai-phan-mem-y-te-his/1940933.html?ta_source=JobSearchList_LinkDetail&u_sr_id=KW0jG5PoPB9RO7JaQsbFxWiZIMpIIPGMGZFxboiO_1763294585
Chuyên Viên Sản Phẩm (Product Executive),"figma, ux, giao tiếp, marketing, ui, ui/ux, tiếng anh, sketch, digital marketing, photoshop, quản lý thời gian, làm việc nhóm","Yêu cầu ứng viên

Đã tốt nghiệp Đại học các chuyên ngành có liên quan.
Năng động, tỉ mỉ, ham học hỏi và có tinh thần trách nhiệm cao.
Có tính kỷ luật cao và khả năng quản lý thời gian tốt.
Thành thạo ...",https://www.topcv.vn/viec-lam/chuyen-vien-san-pham-product-executive/1923289.html?ta_source=JobSearchList_LinkDetail&u_sr_id=KW0jG5PoPB9RO7JaQsbFxWiZIMpIIPGMGZFxboiO_1763294589
Business Analyst (BA),"logistics, logical thinking, sql, proactive, teamwork, presentation, business intelligence, looker, bigquery, e-commerce, communication","Yêu cầu ứng viên
2 years of experience in data analysis, business intelligence, operations, or planning, preferably in logistics, transportation, or e-commerce.
Proficient in Google Sheets/Excel; expe...",https://www.topcv.vn/viec-lam/business-analyst-ba/1943861.html?ta_source=JobSearchList_LinkDetail&u_sr_id=KW0jG5PoPB9RO7JaQsbFxWiZIMpIIPGMGZFxboiO_1763294585
Lập Trình Viên - Thu Nhập Hẫn Dẫn - Khu Vực Tây Hồ,"html, ux, ui, vue, ui/ux, unix, linux, asp.net, sql, mã hóa, oracle, windows server, sql server, next.js, c#, .net, vue.js, react","Yêu cầu ứng viên

- Từ 3 năm kinh nghiệm về lập trình web; có kinh nghiệm triển khai thành công tối thiểu 2 dự án quy mô trung bình.

- Có kinh nghiệm lập trình Front-End. Có khả năng thiết kế giao di...",https://www.topcv.vn/viec-lam/lap-trinh-vien-thu-nhap-han-dan-khu-vuc-tay-ho/547874.html?ta_source=JobSearchList_LinkDetail&u_sr_id=KW0jG5PoPB9RO7JaQsbFxWiZIMpIIPGMGZFxboiO_1763294576
"Kỹ Sư Lập Trình PLC, Robot (Thu Nhập Từ 20 - 35 Triệu, Thưởng Theo Kết Quả Kinh Doanh, Dự Án..)","giao tiếp, giải quyết vấn đề, tiếng anh, thuyết trình","Yêu cầu ứng viên

Trình độ học vấn:

- Tốt nghiệp Cao Đẳng/ Đại học ngành: Điện, Điện tử, Cơ điện tử, Tự động hóa, Điều khiển tự động hóa...

- Có kinh nghiệm lập trình PLC từ 3 năm trở lên, ưu tiên l...",https://www.topcv.vn/viec-lam/ky-su-lap-trinh-plc-robot-thu-nhap-tu-20-35-trieu-thuong-theo-ket-qua-kinh-doanh-du-an/1937913.html?ta_source=JobSearchList_LinkDetail&u_sr_id=KW0jG5PoPB9RO7JaQsbFxWiZIMpIIPGMGZFxboiO_1763294571
Thực Tập Sinh Trợ Lý Giám Đốc,"giao tiếp, sáng tạo, tiếng anh, quản lý thời gian, thuyết trình, tài chính","Yêu cầu ứng viên
Không yêu cầu kinh nghiệm
Ưu tiên nữ, sinh viên năm 4 hoặc đang chờ bằng các ngành Ngoại thương, Kinh tế, Tài chính, Quản trị kinh doanh, Ngoại ngữ, Luật kinh tế,...
Thành thạo tin họ...",https://www.topcv.vn/viec-lam/thuc-tap-sinh-tro-ly-giam-doc/1180702.html?ta_source=JobSearchList_LinkDetail&u_sr_id=KW0jG5PoPB9RO7JaQsbFxWiZIMpIIPGMGZFxboiO_1763294603
Chuyên Viên Business Analyst - Kinh Nghiệm HIS,"giao tiếp, api, mysql, chủ động","Yêu cầu ứng viên
Có kinh nghiệm làm việc với phần mềm Y tế HIS
Trình độ chuyên môn: Tốt nghiệp cao đẳng trở lên
Có kinh nghiệm test, nghiệm thu các phần mềm quy trình hóa các công việc liên quan đến y...",https://www.topcv.vn/viec-lam/chuyen-vien-business-analyst-kinh-nghiem-his/1657234.html?ta_source=JobSearchList_LinkDetail&u_sr_id=KW0jG5PoPB9RO7JaQsbFxWiZIMpIIPGMGZFxboiO_1763294576
Chuyên Viên Phát Triển Frontend,"html, css, teamwork, devops, angular, azure, typescript, scss, reactjs, restful, api, tiếng anh, docker, javascript, k8s, graphql, git, chủ động, aws","Yêu cầu ứng viên
Sử dụng thành thạo và có kiến thức chuyên sâu về HTML, CSS, SCSS, Javascript và Typescript
Có kinh nghiệm ít nhất 3 năm, thành thạo Angular và ReactJs (ưu tiên Angular).
Thành thạo xử...",https://www.topcv.vn/viec-lam/chuyen-vien-phat-trien-frontend/1952882.html?ta_source=JobSearchList_LinkDetail&u_sr_id=KW0jG5PoPB9RO7JaQsbFxWiZIMpIIPGMGZFxboiO_1763294599
Experienced Business Analyst,"communication, teamwork, business analyst, agile, english, leadership","Yêu cầu ứng viên
At least 2 years’ relevant experience as a Business Analyst (or similar capacity) with a proven track record of successful project delivery. eCommerce experience is not compulsory, bu...",https://www.topcv.vn/viec-lam/experienced-business-analyst/1891659.html?ta_source=JobSearchList_LinkDetail&u_sr_id=KW0jG5PoPB9RO7JaQsbFxWiZIMpIIPGMGZFxboiO_1763294576
Trưởng Phòng IT (Công Nghệ Thông Tin),"gcp, sql, aws, data warehouse, bi, tableau, looker, azure, etl, power bi","Yêu cầu ứng viên
Tốt nghiệp CNTT, Toán – Thống kê, Hệ thống thông tin quản lý hoặc tương đương.
3–5 năm kinh nghiệm về quản lý dữ liệu/BI/Data Engineer.
Thành thạo SQL, NoSQL, ETL, Data Warehouse, Clo...",https://www.topcv.vn/viec-lam/truong-phong-it-cong-nghe-thong-tin/1951433.html?ta_source=JobSearchList_LinkDetail&u_sr_id=KW0jG5PoPB9RO7JaQsbFxWiZIMpIIPGMGZFxboiO_1763294603
Chuyên Viên Phân Tích Nghiệp Vụ Tiếng Hàn,"phân tích nghiệp vụ, ngân hàng, giao tiếp, thuyết trình, làm việc nhóm, tiếng hàn, giải quyết vấn đề, tài chính","Yêu cầu ứng viên
Tốt nghiệp Đại học chuyên ngành Công nghệ thông tin, Kinh tế, Tài chính ngân hàng hoặc ngành liên quan
Có từ 1 năm kinh nghiệm ở vị trí tương đương
Thành thạo Tiếng Hàn
Thành thạo các...",https://www.topcv.vn/viec-lam/chuyen-vien-phan-tich-nghiep-vu-tieng-han/1450382.html?ta_source=JobSearchList_LinkDetail&u_sr_id=KW0jG5PoPB9RO7JaQsbFxWiZIMpIIPGMGZFxboiO_1763294571
Nhân Viên Chứng Từ Logistics - Chỉ Tuyển Nữ - Ít Nhất 6 Tháng Kinh Nghiệm,tiếng anh,"Yêu cầu ứng viên
Giới tính NỮ
Bằng cấp Cao Đẳng hoặc Đại học ngành liên quan
Kinh nghiệm: ít nhất 6 tháng trở lên
Cẩn thận, nhanh nhẹn, thái độ trách nhiệm làm việc cao, cầu tiến, siêng năng.
Nắm vững...",https://www.topcv.vn/viec-lam/nhan-vien-chung-tu-logistics-chi-tuyen-nu-it-nhat-6-thang-kinh-nghiem/1937587.html?ta_source=JobSearchList_LinkDetail&u_sr_id=KW0jG5PoPB9RO7JaQsbFxWiZIMpIIPGMGZFxboiO_1763294589
Java Developer,"spring, html, css, struts, javascript, mysql, java, hibernate","Yêu cầu ứng viên
A Bachelor’s degree in software engineering, computer science, or a related field.
2+ years of demonstrable experience in Java development.
Strong knowledge of Java languages and web ...",https://www.topcv.vn/viec-lam/java-developer/1942194.html?ta_source=JobSearchList_LinkDetail&u_sr_id=KW0jG5PoPB9RO7JaQsbFxWiZIMpIIPGMGZFxboiO_1763294585
Thực Tập Sinh IT Comtor,"tiếng nhật, n2","Yêu cầu ứng viên

• Nam, nữ, trình độ Đại học, chuyên ngành Tiếng Nhật.
• Trình độ Tiếng Nhật từ N2 trở lên, sử dụng thành thạo Tiếng Nhật cả 4 kỹ năng.
• Thành thạo các phần mềm văn phòng: MS Word, M...",https://www.topcv.vn/viec-lam/thuc-tap-sinh-it-comtor/1950602.html?ta_source=JobSearchList_LinkDetail&u_sr_id=KW0jG5PoPB9RO7JaQsbFxWiZIMpIIPGMGZFxboiO_1763294603
Nhân Viên Lập Trình Và Vận Hành PLC,,"Yêu cầu ứng viên

YÊU CẦU ỨNG VIÊN:

- Kinh nghiệm: Tối thiểu 5 năm kinh nghiệm thực tế trong vai trò PLC Programmer.

- Trình độ học vấn: Không bắt buộc; kinh nghiệm lâu năm có liên quan sẽ được xem ...",https://www.topcv.vn/viec-lam/nhan-vien-lap-trinh-va-van-hanh-plc/1944563.html?ta_source=JobSearchList_LinkDetail&u_sr_id=KW0jG5PoPB9RO7JaQsbFxWiZIMpIIPGMGZFxboiO_1763294612
IT System Administration,"sql, giao tiếp, sáng tạo, tiếng anh, vmware, erp, windows server, sap","Yêu cầu ứng viên

Kinh nghiệm:

Kinh nghiệm quản trị hệ thống network, server cho các doanh nghiệp với quy mô 1000 users
Có khả năng làm việc chuyên sâu với các thiết bị mạng và server của Cisco, HP, ...",https://www.topcv.vn/viec-lam/it-system-administration/1874857.html?ta_source=JobSearchList_LinkDetail&u_sr_id=KW0jG5PoPB9RO7JaQsbFxWiZIMpIIPGMGZFxboiO_1763294607
Business Analyst,"giao tiếp, ba","Yêu cầu ứng viên
Có kinh nghiệm tham gia xây dựng, triển khai dự án cho khối Cơ quan Nhà nước (GOV).
Thành thạo công cụ nghiệp vụ hỗ trợ cho công việc BA.
Kỹ năng làm việc, giao tiếp , phân tích xử lý...",https://www.topcv.vn/viec-lam/business-analyst/1946285.html?ta_source=JobSearchList_LinkDetail&u_sr_id=KW0jG5PoPB9RO7JaQsbFxWiZIMpIIPGMGZFxboiO_1763294585
Kỹ Sư Vận Hành Ứng Dụng,"ngân hàng, sql, linux, oracle, tài chính","Yêu cầu ứng viên
Tốt nghiệp đại học các ngành Công nghệ thông tin, điện tử viễn thông, tài chính, ngân hàng, toán tin.
Có kiến thức về phần mềm ứng dụng trong lĩnh vực tài chính ngân hàng.
Có kiến thứ...",https://www.topcv.vn/viec-lam/ky-su-van-hanh-ung-dung/1953013.html?ta_source=JobSearchList_LinkDetail&u_sr_id=KW0jG5PoPB9RO7JaQsbFxWiZIMpIIPGMGZFxboiO_1763294599
Trưởng Phòng Bảo Trì Hệ Thống (SFC),"tiếng trung, tiếng anh","Yêu cầu ứng viên
Tốt nghiệp chuyên ngành công nghệ thông tin hoặc các ngành khác có liên quan
Có từ 5 năm kinh nghiệm làm việc ở các nhà máy sản xuất hoặc ngành nghề liên quan
Có kinh nghiệm sử dụng v...",https://www.topcv.vn/viec-lam/truong-phong-bao-tri-he-thong-sfc/1849107.html?ta_source=JobSearchList_LinkDetail&u_sr_id=KW0jG5PoPB9RO7JaQsbFxWiZIMpIIPGMGZFxboiO_1763294607
IT Project Manager (Junior),"waterfall, giao tiếp, đàm phán, tiếng anh, jira, ba, trello, quản lý thời gian, agile, chủ động, làm việc nhóm","Yêu cầu ứng viên
Tốt nghiệp Đại học chuyên ngành Công nghệ thông tin, Quản lý dự án, hoặc các ngành liên quan.
Tiếng Anh giao tiếp thành thạo.
Có tối thiểu 1 năm kinh nghiệm tham gia quản lý hoặc triể...",https://www.topcv.vn/viec-lam/it-project-manager-junior/1831769.html?ta_source=JobSearchList_LinkDetail&u_sr_id=KW0jG5PoPB9RO7JaQsbFxWiZIMpIIPGMGZFxboiO_1763294607
Java Developer,"spring boot, restful, spring, microservices, confluence, api, docker, java, agile, scrum, k8s, maven, grpc, testing, jira, english, communication, postgresql, rabbitmq","Yêu cầu ứng viên

Required Skills & Experience

4+ years of software development experience with Java.
Solid experience with Java Spring Boot 3.x.x and building large-scale web applications.
Experienc...",https://www.topcv.vn/viec-lam/java-developer/1949749.html?ta_source=JobSearchList_LinkDetail&u_sr_id=KW0jG5PoPB9RO7JaQsbFxWiZIMpIIPGMGZFxboiO_1763294571
Trưởng Phòng Kinh Doanh Khách Hàng Doanh Nghiệp,"giao tiếp, b2b, đàm phán, lãnh đạo, chủ động","Yêu cầu ứng viên
Tốt nghiệp đại học chuyên ngành Quản trị Kinh doanh, Kinh tế, CNTT hoặc các ngành liên quan
Có ít nhất 3 năm kinh nghiệm trong lĩnh vực kinh doanh B2B, ưu tiên ứng viên có kinh nghiệm...",https://www.topcv.vn/viec-lam/truong-phong-kinh-doanh-khach-hang-doanh-nghiep/1819464.html?ta_source=JobSearchList_LinkDetail&u_sr_id=KW0jG5PoPB9RO7JaQsbFxWiZIMpIIPGMGZFxboiO_1763294616
Mobile Developer - Middle Level (Android/ Product),"kotlin, android, java, tư duy logic","Yêu cầu ứng viên

Có kinh nghiệm từ 3 năm trở lên Middle Level trong phát triển ứng dụng di động.
Nắm rõ Lập trình hướng đối tượng (OOP), Cấu trúc dữ liệu và Giải thuật.
Ngôn ngữ lập trình: Thành thạo...",https://www.topcv.vn/viec-lam/mobile-developer-middle-level-android-product/1944938.html?ta_source=JobSearchList_LinkDetail&u_sr_id=KW0jG5PoPB9RO7JaQsbFxWiZIMpIIPGMGZFxboiO_1763294594
Nhân Viên Business Analyst - Mức Lương Thỏa Thuận Theo Năng Lực (Làm Việc Thứ 2-6),"chủ động, làm việc nhóm, logistics","Yêu cầu ứng viên
Tốt nghiệp chuyên ngành CNTT tại các trường Đại học, Cao đẳng
Có tối thiểu 3 năm kinh nghiệm ở vị trí tương đương trở lên
Có kinh nghiệm làm việc trong lĩnh vực Logistics, Xuất nhập k...",https://www.topcv.vn/viec-lam/nhan-vien-business-analyst-muc-luong-thoa-thuan-theo-nang-luc-lam-viec-thu-2-6/1940172.html?ta_source=JobSearchList_LinkDetail&u_sr_id=KW0jG5PoPB9RO7JaQsbFxWiZIMpIIPGMGZFxboiO_1763294589
Nhân Viên Kỹ Thuật - Lương Up To 15tr - Tại Hà Nội,"giao tiếp, tiếng anh, dịch vụ khách hàng","Yêu cầu ứng viên
Tốt nghiệp Trung cấp trở lên.
Kỹ tính, nhanh nhẹn, thân thiện, nhiệt tình, trung thực và trách nhiệm.
Khả năng xử lý, giải quyết tình huống tốt, biết lắng nghe khách hàng và giao tiếp...",https://www.topcv.vn/viec-lam/nhan-vien-ky-thuat-luong-up-to-15tr-tai-ha-noi/1934450.html?ta_source=JobSearchList_LinkDetail&u_sr_id=KW0jG5PoPB9RO7JaQsbFxWiZIMpIIPGMGZFxboiO_1763294594
IT Risk & Compliance Chief,"communication, banking, teamwork, information security, english","Yêu cầu ứng viên

- Bachelors in Information Technology or Law (or equivalent);

- 2+ years of experience in IT Compliance or IT Audit;

- Have knowledge on GRC (Governance, Risk and Compliance);

- U...",https://www.topcv.vn/viec-lam/it-risk-compliance-chief/1901395.html?ta_source=JobSearchList_LinkDetail&u_sr_id=KW0jG5PoPB9RO7JaQsbFxWiZIMpIIPGMGZFxboiO_1763294607
Kỹ Sư Hệ Thống (Server – Storage – Virtualization),"vmware, linux, windows server, tiếng anh","Yêu cầu ứng viên

- Có kinh nghiệm triển khai hoặc vận hành hệ thống máy chủ, lưu trữ, SAN, backup.

- Có kinh nghiệm cơ bản với ảo hóa (VMware, Hyper-V).

- Hiểu biết hệ điều hành Linux/Windows Serve...",https://www.topcv.vn/viec-lam/ky-su-he-thong-server-storage-virtualization/1953028.html?ta_source=JobSearchList_LinkDetail&u_sr_id=KW0jG5PoPB9RO7JaQsbFxWiZIMpIIPGMGZFxboiO_1763294599
Tech Lead Backend Developer (Java),"restful, elasticsearch, spring, giao tiếp, kafka, spring boot, api, jira, redis, solr, github, scrum, mysql, agile, làm việc nhóm, java, postgresql","Yêu cầu ứng viên

1. Kinh nghiệm làm việc

Có tối thiểu từ 5 năm kinh nghiệm phát triển backend sử dụng ngôn ngữ Java.
Có kinh nghiệm làm việc với các hệ quản trị dữ liệu quan hệ như MySQL/PostgreSQL ...",https://www.topcv.vn/viec-lam/tech-lead-backend-developer-java/1553440.html?ta_source=JobSearchList_LinkDetail&u_sr_id=KW0jG5PoPB9RO7JaQsbFxWiZIMpIIPGMGZFxboiO_1763294616
Thực Tập Sinh - Nhân Viên IT (Support/System),,"Yêu cầu ứng viên

Có chuyên môn về công nghệ thông tin: Phần cứng, phần mềm, mạng máy tính

Sinh viên mới ra trường hoặc mới đi làm sẽ được đào tạo. Có cơ hội cho thực tập sinh nếu đáp ứng khả năng (F...",https://www.topcv.vn/viec-lam/thuc-tap-sinh-nhan-vien-it-support-system/1750121.html?ta_source=JobSearchList_LinkDetail&u_sr_id=KW0jG5PoPB9RO7JaQsbFxWiZIMpIIPGMGZFxboiO_1763294589
Nhân Viên Kinh Doanh Khách Hàng Doanh Nghiệp,"giao tiếp, b2b, đàm phán, chủ động","Yêu cầu ứng viên
Tốt nghiệp Cao đẳng/Đại học các ngành Kinh tế, Quản trị kinh doanh, CNTT hoặc liên quan.
Ưu tiên ứng viên có kinh nghiệm bán hàng B2B trong lĩnh vực CNTT, thiết bị văn phòng, giải phá...",https://www.topcv.vn/viec-lam/nhan-vien-kinh-doanh-khach-hang-doanh-nghiep/1836403.html?ta_source=JobSearchList_LinkDetail&u_sr_id=KW0jG5PoPB9RO7JaQsbFxWiZIMpIIPGMGZFxboiO_1763294616
Trưởng Nhóm Backend,"giao tiếp, microservices, lãnh đạo, linux, aws, google cloud, làm việc nhóm, java, giải quyết vấn đề","Yêu cầu ứng viên

- Tốt nghiệp Đại học các ngành Công nghệ thông tin, Khoa học máy tính, Điện tử viễn thông hoặc các ngành liên quan.

- Từ 5 năm kinh nghiệm phát triển backend với Java, tối thiểu 2-3...",https://www.topcv.vn/viec-lam/truong-nhom-backend/1946347.html?ta_source=JobSearchList_LinkDetail&u_sr_id=KW0jG5PoPB9RO7JaQsbFxWiZIMpIIPGMGZFxboiO_1763294616
Nhân Viên Quản Lý Dự Án/Dịch Vụ Tư Vấn Và Phần Mềm - Thu Nhập 12-15 Triệu - Khu Vực Cầu Giấy,"giao tiếp, đàm phán, tiếng anh, jira, asana, trello, thuyết trình, giải quyết vấn đề","Yêu cầu ứng viên
Tốt nghiệp Đại học chuyên ngành Quản trị dự án, Công nghệ thông tin, Kinh tế, hoặc lĩnh vực liên quan.
Có từ 2 năm kinh nghiệm trở lên trong lĩnh vực quản lý dự án, đặc biệt là dự án ...",https://www.topcv.vn/viec-lam/nhan-vien-quan-ly-du-an-dich-vu-tu-van-va-phan-mem-thu-nhap-12-15-trieu-khu-vuc-cau-giay/1926389.html?ta_source=JobSearchList_LinkDetail&u_sr_id=KW0jG5PoPB9RO7JaQsbFxWiZIMpIIPGMGZFxboiO_1763294594
Kỹ Sư Lập Trình Hệ Thống,"ielts 5.0, c++, triển khai phần mềm, giao tiếp, linux, tiếng anh, ielts, docker, toeic, làm việc nhóm, giải quyết vấn đề","Yêu cầu ứng viên
Tốt nghiệp Đại học trở lên chuyên ngành CNTT, Kỹ thuật máy tính, Điện tử – Viễn thông hoặc liên quan.
Kinh nghiệm từ 01 năm trở lên
Tiếng Anh: ≥ 650 TOEIC (hoặc IELTS 5.0 và tương đươ...",https://www.topcv.vn/viec-lam/ky-su-lap-trinh-he-thong/1943572.html?ta_source=JobSearchList_LinkDetail&u_sr_id=KW0jG5PoPB9RO7JaQsbFxWiZIMpIIPGMGZFxboiO_1763294603
Chuyên Viên/Nhân Viên Vận Hành Hệ Thống,"giải quyết vấn đề, tiếng anh, sap, tư duy phản biện","Yêu cầu ứng viên
Cao đẳng/Đại học ngành Công nghệ thông tin hoặc lĩnh vực liên quan.
Tối thiểu 3 năm kinh nghiệm hỗ trợ vận hành phân hệ SAP PP/QM và có kiến thức về hệ thống quản lý sản xuất thông mi...",https://www.topcv.vn/viec-lam/chuyen-vien-nhan-vien-van-hanh-he-thong/1888758.html?ta_source=JobSearchList_LinkDetail&u_sr_id=KW0jG5PoPB9RO7JaQsbFxWiZIMpIIPGMGZFxboiO_1763294571
Lập Trình Viên Backend (Golang),"restful, golang, python, grpc, api, tiếng anh, docker, redis, git, tư duy logic, k8s","Yêu cầu ứng viên

- Tốt nghiệp Đại học chuyên ngành CNTT, Công nghệ phần mềm và các chuyên ngành khác liên quan.

- Có khoảng 02 năm kinh nghiệm làm việc tại vị trí tương đương.

- Ngôn ngữ lập trình:...",https://www.topcv.vn/viec-lam/lap-trinh-vien-backend-golang/1942941.html?ta_source=JobSearchList_LinkDetail&u_sr_id=KW0jG5PoPB9RO7JaQsbFxWiZIMpIIPGMGZFxboiO_1763294585
Senior Frontend Developer (React.Js/Next.Js) - Mức Lương Upto 30M,"restful, giải quyết vấn đề, html, triển khai phần mềm, giao tiếp, git, scss, tailwind, chủ động, làm việc nhóm, next.js, reactjs","Yêu cầu ứng viên
Tốt nghiệp đại học chuyên ngành CNTT hoặc các ngành liên quan;
Có 2 - 3+ năm kinh nghiệm phát triển ứng dụng web (hoặc mobile nếu có);
Có ít nhất 1 năm kinh nghiệm làm việc trong các ...",https://www.topcv.vn/viec-lam/senior-frontend-developer-react-js-next-js-muc-luong-upto-30m/1771109.html?ta_source=JobSearchList_LinkDetail&u_sr_id=KW0jG5PoPB9RO7JaQsbFxWiZIMpIIPGMGZFxboiO_1763294565
DotNET Developer,"html, asp.net, sql, css, teamwork, api, javascript, agile, sql server, c#, communication","Yêu cầu ứng viên
Bachelor’s degree in Computer Science or related field.
2+ years of experience with C#, ASP.NET MVC, and Web API.
Proficiency in SQL Server and front-end technologies (HTML, CSS, Java...",https://www.topcv.vn/brand/zim/tuyen-dung/dotnet-developer-j1191637.html?ta_source=JobSearchList_LinkDetail&u_sr_id=KW0jG5PoPB9RO7JaQsbFxWiZIMpIIPGMGZFxboiO_1763294565
Nhân Viên Backend Developer Kinh Nghiệm Từ 2 Năm Trở Lên,"gcp, prometheus, devops, azure, ci/cd, làm việc nhóm, elk stack, grafana, restful, gitlab, python, sql, php, oracle, mysql, oauth, k8s, gitlab ci, node.js, graphql, postgresql, kubernetes, jenkins, github actions, aws, github, jwt, google cloud, sql server, java","Yêu cầu ứng viên

1. Kinh nghiệm làm việc với các ngôn ngữ lập trình và cơ sở dữ liệu:

Thành thạo ngôn ngữ lập trình PHP, có kinh nghiệm framework: Laravel 
Java, Python, Node.js...
PostgreSQL, MySQL...",https://www.topcv.vn/brand/duocphamesvietnam/tuyen-dung/nhan-vien-backend-developer-kinh-nghiem-tu-2-nam-tro-len-j1398199.html?ta_source=JobSearchList_LinkDetail&u_sr_id=KW0jG5PoPB9RO7JaQsbFxWiZIMpIIPGMGZFxboiO_1763294576
Flutter Developer,"kotlin, ios, flutter, ux, ui, ui/ux, firebase, api, swift, dart, git, ci/cd, android, java","Yêu cầu ứng viên

At least 3 years of experience in a similar position
Proficient in Dart and Flutter framework for mobile development (iOS and Android).
Strong understanding of mobile UI/UX principle...",https://www.topcv.vn/viec-lam/flutter-developer/1946776.html?ta_source=JobSearchList_LinkDetail&u_sr_id=KW0jG5PoPB9RO7JaQsbFxWiZIMpIIPGMGZFxboiO_1763294612
Nhân Viên IT,"centos, linux, windows server, firewall","Yêu cầu ứng viên

- Có hiểu biết về hệ điều hành Windows, Windows Server, Linux ( CentOS)
- Có hiểu biêt về các dịch vụ : Domain, AD, DHCP , FTP
- Có hiểu biêt về thiết bị mạng ( Cisco, Ruijie )
- Có ...",https://www.topcv.vn/viec-lam/nhan-vien-it/1859748.html?ta_source=JobSearchList_LinkDetail&u_sr_id=KW0jG5PoPB9RO7JaQsbFxWiZIMpIIPGMGZFxboiO_1763294616
Chuyên Viên Dự Án Chuyển Đổi Số,"python, sql, giao tiếp, sáng tạo, tiếng anh, ielts, bi, ielts 6.5, chủ động, power bi","Yêu cầu ứng viên
Có thể nghe - hiểu - giao tiếp tiếng Anh tốt (tương đương IELTS 6.5 trở lên).
Là sinh viên năm 4 hoặc mới tốt nghiệp, yêu thích công nghệ và đổi mới sáng tạo.
Đã học qua mảng dữ liệu ...",https://www.topcv.vn/viec-lam/chuyen-vien-du-an-chuyen-doi-so/1950288.html?ta_source=JobSearchList_LinkDetail&u_sr_id=KW0jG5PoPB9RO7JaQsbFxWiZIMpIIPGMGZFxboiO_1763294603
.NET Developer,"sql, sáng tạo, tiếng anh, testing, jira, git, oracle, sql server, c#, n4, mysql, tư duy logic, tiếng nhật, .net","Yêu cầu ứng viên
Tốt nghiệp Đại học chuyên ngành CNTT
Tối thiểu 6 tháng kinh nghiệm làm dự án thực tế cho khách hàng trong lĩnh vực phát triển phần mềm bằng Framework .NET, ngôn ngữ C#/VB
Có khả năng ...",https://www.topcv.vn/viec-lam/net-developer/1940130.html?ta_source=JobSearchList_LinkDetail&u_sr_id=KW0jG5PoPB9RO7JaQsbFxWiZIMpIIPGMGZFxboiO_1763294580
"IT Support Leader (Korean Speaking, Open For IT Comtor/PM/PO/BA/QA)",,"Yêu cầu ứng viên

1. Provide technical consultation for team members to help team members solve cases quickly.
2. Regularly review the backlog of members to ensure that the backlog of team members is ...",https://www.topcv.vn/viec-lam/it-support-leader-korean-speaking-open-for-it-comtor-pm-po-ba-qa/1935549.html?ta_source=JobSearchList_LinkDetail&u_sr_id=KW0jG5PoPB9RO7JaQsbFxWiZIMpIIPGMGZFxboiO_1763294594
Kỹ Sư An Toàn Thông Tin,"firewall, linux, tiếng anh, mã hóa, pentest, toeic","Yêu cầu ứng viên

- Có khả năng làm việc với hệ thống Windows, Linux, Database, Web Server; Có kiến thức về thiết bị mạng như switch, router, firewall. Có chứng chỉ LPI, CCNA là lợi thế.
- Có kiến thứ...",https://www.topcv.vn/viec-lam/ky-su-an-toan-thong-tin/1898237.html?ta_source=JobSearchList_LinkDetail&u_sr_id=KW0jG5PoPB9RO7JaQsbFxWiZIMpIIPGMGZFxboiO_1763294612
Auto Tester,"ngân hàng, gitlab, api, php, testing, selenium, git, agile, scrum, c#, java, tài chính","Yêu cầu ứng viên
Có kiến thức về quy trình kiểm thử phần mềm và các phương pháp, kỹ thuật, công cụ kiểm thử tự động
Có kiến thức và kinh nghiệm trong việc xây dựng, phát triển các framework kiểm thử t...",https://www.topcv.vn/viec-lam/auto-tester/1946069.html?ta_source=JobSearchList_LinkDetail&u_sr_id=KW0jG5PoPB9RO7JaQsbFxWiZIMpIIPGMGZFxboiO_1763294612
Nhân Viên IT,giao tiếp,"Yêu cầu ứng viên
Trình độ học vấn: Tốt nghiệp chuyên ngành CNTT, Mạng máy tính, Kỹ thuật phần mềm hoặc tương đương.
Kinh nghiệm: Tối thiểu 1 năm kinh nghiệm trong vị trí IT Helpdesk hoặc IT văn phòng....",https://www.topcv.vn/viec-lam/nhan-vien-it/1923630.html?ta_source=JobSearchList_LinkDetail&u_sr_id=KW0jG5PoPB9RO7JaQsbFxWiZIMpIIPGMGZFxboiO_1763294585
Manual Tester ( Có Kinh Nghiệm Test API),"postman, giao tiếp, api, tiếng anh, testing, jira, mysql, chủ động, làm việc nhóm, tư duy logic","Yêu cầu ứng viên

Vị trí này phù hợp với bạn nếu

Từ 2 năm kinh nghiệm làm việc ở vị trí kiểm thử phần mềm trong các dự án hoặc công ty công nghệ.
Kỹ năng lập kế hoạch, thiết kế kịch bản kiểm thử và k...",https://www.topcv.vn/viec-lam/manual-tester-co-kinh-nghiem-test-api/1937033.html?ta_source=JobSearchList_LinkDetail&u_sr_id=KW0jG5PoPB9RO7JaQsbFxWiZIMpIIPGMGZFxboiO_1763294585
Game Developer (Senior),"ba, c#","Yêu cầu ứng viên
Tối thiểu 3 năm kinh nghiệm với Unity, bao gồm kinh nghiệm sâu về hệ thống cốt lõi, phát triển framework và tích hợp dịch vụ bên thứ ba.
Thành thạo C# và Unity, hiểu sâu về kiến trúc ...",https://www.topcv.vn/viec-lam/game-developer-senior/1938466.html?ta_source=JobSearchList_LinkDetail&u_sr_id=KW0jG5PoPB9RO7JaQsbFxWiZIMpIIPGMGZFxboiO_1763294576
Chuyên Viên Vận Hành Và Quản Trị Hệ Thống Mạng,,"Yêu cầu ứng viên
Tốt nghiệp Đại học chuyên ngành Công nghệ thông tin và các ngành học liên quan.
Có chứng chỉ CCNA, MCSA là một lợi thế.
Có từ 3 năm kinh nghiệm ở vị trí tương đương, ưu tiên ứng viên ...",https://www.topcv.vn/viec-lam/chuyen-vien-van-hanh-va-quan-tri-he-thong-mang/1952905.html?ta_source=JobSearchList_LinkDetail&u_sr_id=KW0jG5PoPB9RO7JaQsbFxWiZIMpIIPGMGZFxboiO_1763294599
Senior Flutter Developer,"ios, flutter, firebase, json, ci/cd, application security, leadership, restful, api, datadog, graphql, git, android, communication, english, github actions, proactive, github, firestore","Yêu cầu ứng viên
4+ years of professional software development experience, with at least 2+ years of hands-on experience specifically with Flutter in production environments.
Demonstrated experience w...",https://www.topcv.vn/viec-lam/senior-flutter-developer/1946536.html?ta_source=JobSearchList_LinkDetail&u_sr_id=KW0jG5PoPB9RO7JaQsbFxWiZIMpIIPGMGZFxboiO_1763294616
Nhân Viên IT Helpdesk,,"Yêu cầu ứng viên

Kinh nghiệm / Kỹ năng chi tiết

- Ứng viên nam.
- Tốt nghiệp Đại Học chuyên ngành Công nghệ thông tin, mạng máy tính và các ngành nghề có liên quan.
- Tối thiểu 2 năm kinh nghiệm ở v...",https://www.topcv.vn/viec-lam/nhan-vien-it-helpdesk/648175.html?ta_source=JobSearchList_LinkDetail&u_sr_id=KW0jG5PoPB9RO7JaQsbFxWiZIMpIIPGMGZFxboiO_1763294594
Quality Control (QC Tester),"qc, waterfall, testing, jira, agile, communication","Yêu cầu ứng viên

- Experience: 1-1.5 years as a Software Tester/QC Tester
- Education: Bachelor's degree in Computer Science, Information Technology, or related field
- Strong understanding of softwa...",https://www.topcv.vn/viec-lam/quality-control-qc-tester/1953410.html?ta_source=JobSearchList_LinkDetail&u_sr_id=KW0jG5PoPB9RO7JaQsbFxWiZIMpIIPGMGZFxboiO_1763294580
VueJS Developer,"giao tiếp, php, jira, nodejs, git, scrum, vuejs, agile, chủ động, làm việc nhóm, tiếng nhật, reactjs","Yêu cầu ứng viên
Tốt nghiệp Đại học chuyên ngành CNTT hoặc có liên quan.
Có từ 2 năm kinh nghiệm trở lên làm việc với VueJS. Có kinh nghiệm ReactJS là một lợi thế.
Có kinh nghiệm làm việc với Git, Jir...",https://www.topcv.vn/viec-lam/vuejs-developer/1945009.html?ta_source=JobSearchList_LinkDetail&u_sr_id=KW0jG5PoPB9RO7JaQsbFxWiZIMpIIPGMGZFxboiO_1763294580
"Intern Frontend Developer (HTML.CSS, JS, Trợ Cấp Từ 2-3 Triệu)","html, css, git, làm việc nhóm, reactjs","Yêu cầu ứng viên

- Sinh viên sắp tốt nghiệp hoặc mới tốt nghiệp ngành CNTT các trường Đại học tại Hà Nội

- Có kiến thức và kỹ năng về HTML, CSS và Javascripts. Biết thêm ReactJS là lợi thế

- Biết c...",https://www.topcv.vn/viec-lam/intern-frontend-developer-html-css-js-tro-cap-tu-2-3-trieu/1949713.html?ta_source=JobSearchList_LinkDetail&u_sr_id=KW0jG5PoPB9RO7JaQsbFxWiZIMpIIPGMGZFxboiO_1763294580
Thực Tập Sinh Tư Vấn Thiết Kế Website,giao tiếp,"Yêu cầu ứng viên
Chuyên ngành CNTT, thiết kế website hoặc có liên quan
Am hiểu về các công cụ thiết kế website là lợi thế
Làm việc theo nhóm, trách nhiệm trong công việc
Giao tiếp cơ bản, vi tính văn ...",https://www.topcv.vn/viec-lam/thuc-tap-sinh-tu-van-thiet-ke-website/1947651.html?ta_source=JobSearchList_LinkDetail&u_sr_id=KW0jG5PoPB9RO7JaQsbFxWiZIMpIIPGMGZFxboiO_1763294612
Kỹ Sư Lập Trình PLC,,"Yêu cầu ứng viên

- Tốt nghiệp Cao đẳng/ Đại học các chuyên ngành Tự động hóa.
- Kinh nghiệm làm thiết kế máy tự động, lập trình PLC , giao diện HMI nếu tốt nghiệp các chuyên ngành khác
- Thành thạo c...",https://www.topcv.vn/viec-lam/ky-su-lap-trinh-plc/1935378.html?ta_source=JobSearchList_LinkDetail&u_sr_id=KW0jG5PoPB9RO7JaQsbFxWiZIMpIIPGMGZFxboiO_1763294599
Thực Tập Sinh Tester,"giao tiếp, oracle, mysql, thuyết trình","Yêu cầu ứng viên

Đã tốt nghiệp hoặc sắp tốt nghiệp (ưu tiên chuyên ngành CNTT) và có thể làm việc fulltime
Có tư duy hệ thống và kiến thức về CSDL như: MySQL/Oracle,..
Có kỹ năng quản lý công việc, t...",https://www.topcv.vn/viec-lam/thuc-tap-sinh-tester/1946036.html?ta_source=JobSearchList_LinkDetail&u_sr_id=KW0jG5PoPB9RO7JaQsbFxWiZIMpIIPGMGZFxboiO_1763294580
Product Trainer - Software,"giao tiếp, thuyết trình","Yêu cầu ứng viên

- Tốt nghiệp Đại học, tuổi từ 28-dưới 40
- Từ 01 - 02 năm kinh nghiệm làm về đào tạo
- Có kỹ năng thuyết trình và truyền cảm hứng hiệu quả, giao tiếp tốt, có khả năng thuyết phục cao...",https://www.topcv.vn/viec-lam/product-trainer-software/1824724.html?ta_source=JobSearchList_LinkDetail&u_sr_id=KW0jG5PoPB9RO7JaQsbFxWiZIMpIIPGMGZFxboiO_1763294616
IOS Developer (With Web Skills),"ios, objective-c, rest, api, swift, firebase, tư duy logic, android","Yêu cầu ứng viên
Tốt nghiệp Cao đẳng/Đại học chuyên ngành Công nghệ thông tin hoặc chuyên ngành liên quan.
Có từ 3 năm kinh nghiệm phát triển ứng dụng iOS (Objective-C hoặc Swift).
Ưu tiên ứng viên có...",https://www.topcv.vn/viec-lam/ios-developer-with-web-skills/1908600.html?ta_source=JobSearchList_LinkDetail&u_sr_id=KW0jG5PoPB9RO7JaQsbFxWiZIMpIIPGMGZFxboiO_1763294612
UI/UX Designer - Lương Up To 20.000.000đ - Thanh Xuân - Hà Nội,"figma, html, ux, giao tiếp, illustrator, ui, ui/ux, css, adobe xd, sáng tạo, photoshop, làm việc nhóm, tư duy logic","Yêu cầu ứng viên

Tốt nghiệp chuyên ngành Thiết kế, Mỹ thuật đa phương tiện, Công nghệ thông tin hoặc liên quan.
Có từ 1 năm kinh nghiệm trong lĩnh vực UI/UX Designer
Thành thạo các công cụ: Figma, Ad...",https://www.topcv.vn/viec-lam/ui-ux-designer-luong-up-to-20-000-000d-thanh-xuan-ha-noi/1809956.html?ta_source=JobSearchList_LinkDetail&u_sr_id=KW0jG5PoPB9RO7JaQsbFxWiZIMpIIPGMGZFxboiO_1763294576
Phân Tích Nghiệp Vụ Phần Mềm Quản Lý Nhà Trường,"phân tích nghiệp vụ, giao tiếp, tiếng anh, scrum, thuyết trình, agile, làm việc nhóm, giải quyết vấn đề","Yêu cầu ứng viên
Tốt nghiệp Đại học trở lên, chuyên ngành CNTT, Quản trị kinh doanh hoặc các ngành liên quan.
Tối thiểu 2 năm kinh nghiệm ở vị trí Chuyên viên Phân tích nghiệp vụ hoặc các vị trí tương...",https://www.topcv.vn/viec-lam/phan-tich-nghiep-vu-phan-mem-quan-ly-nha-truong/1949100.html?ta_source=JobSearchList_LinkDetail&u_sr_id=KW0jG5PoPB9RO7JaQsbFxWiZIMpIIPGMGZFxboiO_1763294576
Data Tester,"aws, sql","Yêu cầu ứng viên
Có từ 3 năm kinh nghiệm trở lên: Sử dụng thành thạo các câu lệnh SQL để truy
vấn cơ sở dữ liệu
Có kinh nghiệm làm việc với các dự án về Data; có hiểu biết về AWS là một lợi
thế
Khả nă...",https://www.topcv.vn/viec-lam/data-tester/1949256.html?ta_source=JobSearchList_LinkDetail&u_sr_id=KW0jG5PoPB9RO7JaQsbFxWiZIMpIIPGMGZFxboiO_1763294607
Kỹ Sư Triển Khai Dự Án Hệ Thống (Postsale System) - Thu Nhập Upto 40tr (Hà Nội),"giao tiếp, unix, linux, tiếng anh, vmware, windows server","Yêu cầu ứng viên
Tốt nghiệp Cao Đẳng /Đại Học chuyên ngành CNTT hoặc tương đương
Có từ 2 năm kinh nghiệm(có kinh nghiệm ở các vị trí tương đương).
Ưu tiên có chứng chỉ: VMware Certified Associate (VCA...",https://www.topcv.vn/viec-lam/ky-su-trien-khai-du-an-he-thong-postsale-system-thu-nhap-upto-40tr-ha-noi/1949543.html?ta_source=JobSearchList_LinkDetail&u_sr_id=KW0jG5PoPB9RO7JaQsbFxWiZIMpIIPGMGZFxboiO_1763294571
"Giáo Viên Part-Time Dạy Lập Trình/Kỹ Thuật Điện Tử [Hồ Chí Minh/Bình Dương] - Phù Hợp Sinh Viên CNTT, Thu Nhập Upto 4.000.000đ/Tháng",,"Yêu cầu ứng viên
Tốt nghiệp Đại học chuyên ngành Sư phạm, khoa công nghệ thông tin.
Đang làm việc tại các công ty Truyền thông, Công nghệ thông tin.
Đang là sinh viên đang theo học khoa CNTT, Điện tử ...",https://www.topcv.vn/viec-lam/giao-vien-part-time-day-lap-trinh-ky-thuat-dien-tu-ho-chi-minh-binh-duong-phu-hop-sinh-vien-cntt-thu-nhap-upto-4-000-000d-thang/1326625.html?ta_source=JobSearchList_LinkDetail&u_sr_id=KW0jG5PoPB9RO7JaQsbFxWiZIMpIIPGMGZFxboiO_1763294607
BI Developer,"sql, giao tiếp, bi, oracle, mysql, sql server, làm việc nhóm, giải quyết vấn đề","Yêu cầu ứng viên
Tốt nghiệp Đại học trở lên các chuyên ngành Công nghệ thông tin, Điện tử viễn thông, Công nghệ máy tính, Hệ thống thông tin hoặc các chuyên ngành có liên quan
Ít nhất 2 năm kinh nghiệ...",https://www.topcv.vn/brand/fptis/tuyen-dung/bi-developer-j1832070.html?ta_source=JobSearchList_LinkDetail&u_sr_id=KW0jG5PoPB9RO7JaQsbFxWiZIMpIIPGMGZFxboiO_1763294594
Fresher Manual Test,"sql, api, japanese, testing, english","Yêu cầu ứng viên

Experience with Unit Tests, Integration Tests, and Monkey Tests.

Able to analyze workflows, confirm requirements with clients, and write documentation.

Proficient in writing SQL qu...",https://www.topcv.vn/viec-lam/fresher-manual-test/1890291.html?ta_source=JobSearchList_LinkDetail&u_sr_id=KW0jG5PoPB9RO7JaQsbFxWiZIMpIIPGMGZFxboiO_1763294580
Nhân Viên IT Support / Helpdesk,"kế toán, firewall, sql, sql server, windows server, mysql, quản lý thời gian, làm việc nhóm","Yêu cầu ứng viên
Tốt nghiệp đại học các chuyên ngành liên quan đến Công nghệ thông tin
Tối thiểu 1 năm kinh nghiệm làm việc ở vị trí Helpdesk, Quản trị hệ thống.
Có kinh nghiệm hỗ trợ Office 365, các ...",https://www.topcv.vn/viec-lam/nhan-vien-it-support-helpdesk/1944207.html?ta_source=JobSearchList_LinkDetail&u_sr_id=KW0jG5PoPB9RO7JaQsbFxWiZIMpIIPGMGZFxboiO_1763294565
Frontend Developer (Cocos/PixiJS/ Unity),"jquery, communication, css, javascript, english","Yêu cầu ứng viên

• Possessed a Bachelor Degree / Diploma / Professional Certificate in Information Technology, Computer Science, Software Engineering or any IT related field.

• Experience in Game En...",https://www.topcv.vn/viec-lam/frontend-developer-cocos-pixijs-unity/1922119.html?ta_source=JobSearchList_LinkDetail&u_sr_id=KW0jG5PoPB9RO7JaQsbFxWiZIMpIIPGMGZFxboiO_1763294571
Automation Tester,"ngân hàng, confluence, api, selenium, testing, jira","Yêu cầu ứng viên
Có từ 2 năm kinh nghiệm test Automation cho Web App, sử dụng thành thạo công cụ: Karate, selenium và các ứng dụng/tool hỗ trợ như Jira, Confluence
Thông thạo trong việc viết automatio...",https://www.topcv.vn/viec-lam/automation-tester/1610743.html?ta_source=JobSearchList_LinkDetail&u_sr_id=KW0jG5PoPB9RO7JaQsbFxWiZIMpIIPGMGZFxboiO_1763294607
Embedded Linux Engineer,"c++, python, giao tiếp, devops, linux, tiếng anh, docker, c","Yêu cầu ứng viên

● Tốt nghiệp đại học chuyên ngành Điện tử – Viễn thông, Kỹ thuật Máy tính, Tự động hóa, Cơ điện tử hoặc tương đương.
● Ít nhất 2 năm kinh nghiệm trong lập trình nhúng, đặc biệt là ph...",https://www.topcv.vn/viec-lam/embedded-linux-engineer/1908073.html?ta_source=JobSearchList_LinkDetail&u_sr_id=KW0jG5PoPB9RO7JaQsbFxWiZIMpIIPGMGZFxboiO_1763294607
Business Analyst,"qa, communication, critical thinking, teamwork, magento, business analyst, agile, scrum, english","Yêu cầu ứng viên
From 1 year of experience as a Business Analyst (Magento and Shopify experience is a plus).
Strong logical, critical thinking, analytical, and problem-solving skills
Good communicatio...",https://www.topcv.vn/viec-lam/business-analyst/1945426.html?ta_source=JobSearchList_LinkDetail&u_sr_id=KW0jG5PoPB9RO7JaQsbFxWiZIMpIIPGMGZFxboiO_1763294580
[Sale] Technical Developer (Garment Field),english,"Yêu cầu ứng viên
Bachelor’s or College degree in Garment or a related field.
2-3 years of experience in garment manufacturing.
Proficiency in English.
Ability to work effectively under pressure and me...",https://www.topcv.vn/viec-lam/sale-technical-developer-garment-field/1929739.html?ta_source=JobSearchList_LinkDetail&u_sr_id=KW0jG5PoPB9RO7JaQsbFxWiZIMpIIPGMGZFxboiO_1763294616
Android Middle (Java/Kotlin) Lương 20-30M (Nghỉ T7/CN) Tại Hà Nội,"kotlin, restful, ui, api, chủ động, android, java","Yêu cầu ứng viên
Từ 4 năm kinh nghiệm với các dự án thực tế
Thành Thạo Java/Kotlin
Có kinh nghiệm làm việc với Back-end Restful API, MVP, MVVM, tích hợp SDK
Có kiến thức chuyên sâu về Lập trình Androi...",https://www.topcv.vn/viec-lam/android-middle-java-kotlin-luong-20-30m-nghi-t7-cn-tai-ha-noi/639638.html?ta_source=JobSearchList_LinkDetail&u_sr_id=KW0jG5PoPB9RO7JaQsbFxWiZIMpIIPGMGZFxboiO_1763294585
Chuyên Viên Kiểm Thử Phần Mềm /Tester,"ngân hàng, confluence, banking, api, swift, jira, tài chính","Yêu cầu ứng viên

Yêu cầu:

Tốt nghiệp Đại học trở lên chuyên ngành CNTT hoặc các ngành khác nếu có các chứng chỉ tương đương được công nhận bởi các tổ chức uy tín;
Kinh nghiệm làm việc > 3 năm tại cá...",https://www.topcv.vn/viec-lam/chuyen-vien-kiem-thu-phan-mem-tester/1713391.html?ta_source=JobSearchList_LinkDetail&u_sr_id=KW0jG5PoPB9RO7JaQsbFxWiZIMpIIPGMGZFxboiO_1763294580
System Admin (Quản Trị Hệ Thống),"firewall, ips, linux, docker, vmware, windows server, ci/cd, ids, zabbix, k8s","Yêu cầu ứng viên
Tốt nghiệp Đại học với chuyên ngành Công nghệ thông tin / Điện tử viễn thông / Hệ thống thông tin;
Có kinh nghiệm từ 2 năm trở lên vị trí tương đương.
Có kiến thức về quản trị hạ tầng...",https://www.topcv.vn/viec-lam/system-admin-quan-tri-he-thong/1949705.html?ta_source=JobSearchList_LinkDetail&u_sr_id=KW0jG5PoPB9RO7JaQsbFxWiZIMpIIPGMGZFxboiO_1763294607
Backend Develope ( Chuyên Về Lập Trình Android),"restful, node.js, qa, nestjs, giao tiếp, microservices, api, devops, tiếng anh, vuejs, quản lý thời gian, mysql, chủ động, làm việc nhóm, tư duy logic, mongodb, giải quyết vấn đề","Yêu cầu ứng viên

1/ Trình độ học vấn:

Tốt nghiệp Đại học chuyên ngành CNTT, Công nghệ phần mềm hoặc tương đương.
Ưu tiên ứng viên tốt nghiệp từ: ĐH Bách khoa Hà Nội, ĐH Công nghệ (ĐHQGHN), Học viện ...",https://www.topcv.vn/viec-lam/backend-develope-chuyen-ve-lap-trinh-android/1940921.html?ta_source=JobSearchList_LinkDetail&u_sr_id=KW0jG5PoPB9RO7JaQsbFxWiZIMpIIPGMGZFxboiO_1763294576
NodeJS Developer,"html, typescript, reactjs, restful, express, thương mại điện tử, api, docker, javascript, mysql, tư duy logic, mongodb, swagger, git, chủ động, nestjs, kubernetes, sáng tạo, aws, nodejs, redis, google cloud","Yêu cầu ứng viên
Có ít nhất 2 năm kinh nghiệm thực tế với NodeJS (NestJS, Express, TypeORM);
Sử dụng thành thạo ngôn ngữ NodeJS, TypeScript, có kinh nghiệm làm việc với NestJS framework;
Sử dụng thành...",https://www.topcv.vn/viec-lam/nodejs-developer/1939164.html?ta_source=JobSearchList_LinkDetail&u_sr_id=KW0jG5PoPB9RO7JaQsbFxWiZIMpIIPGMGZFxboiO_1763294585
Automation Tester,"ios, postman, python, jenkins, giao tiếp, playwright, appium, api, selenium, git, tư duy logic, ci/cd, android, java","Yêu cầu ứng viên

• Tối thiểu 3 năm kinh nghiệm.
• Có kinh nghiệm phát triển và thực thi script / framework kiểm thử tự động hóa để kiểm tra Web bằng Robot framework/Selenium/Playwright , kiểm tra thi...",https://www.topcv.vn/viec-lam/automation-tester/1940273.html?ta_source=JobSearchList_LinkDetail&u_sr_id=KW0jG5PoPB9RO7JaQsbFxWiZIMpIIPGMGZFxboiO_1763294580
Trưởng Phòng Hành Chính Nhân Sự (Lĩnh Vực IT),,"Yêu cầu ứng viên

- Tốt nghiệp Đại học trở lên chuyên ngành Quản trị nhân sự, Luật, Kinh tế hoặc tương đương.
- Có tối thiểu 5 năm kinh nghiệm trong lĩnh vực nhân sự, trong đó ít nhất 2 năm ở vị trí q...",https://www.topcv.vn/viec-lam/truong-phong-hanh-chinh-nhan-su-linh-vuc-it/1944920.html?ta_source=JobSearchList_LinkDetail&u_sr_id=KW0jG5PoPB9RO7JaQsbFxWiZIMpIIPGMGZFxboiO_1763294580
Business Analyst (Truck),"logistics, proactive, sql, presentation, supply chain","Yêu cầu ứng viên
Graduated in related fields such as Logistics, Supply Chain Management, Transport Economics, Data Analytics.
Understanding of logistics processes and supply chain, thorough knowledge ...",https://www.topcv.vn/viec-lam/business-analyst-truck/1937734.html?ta_source=JobSearchList_LinkDetail&u_sr_id=KW0jG5PoPB9RO7JaQsbFxWiZIMpIIPGMGZFxboiO_1763294589
Thực Tập Sinh Tư Vấn Công Nghệ Thông Tin,"giao tiếp, làm việc nhóm","Yêu cầu ứng viên
Không yêu cầu kinh nghiệm, được đào tạo 100%.
Trình độ văn hóa: Sinh viên đang chờ bằng, làm việc full time
Có khả năng giao tiếp rõ ràng và sử dụng máy tính cơ bản.
Có tinh thần làm ...",https://www.topcv.vn/viec-lam/thuc-tap-sinh-tu-van-cong-nghe-thong-tin/1941645.html?ta_source=JobSearchList_LinkDetail&u_sr_id=KW0jG5PoPB9RO7JaQsbFxWiZIMpIIPGMGZFxboiO_1763294603
Nhân Viên Kiểm Thử Phần Mềm (Tester),"confluence, api, jira","Yêu cầu ứng viên
Tốt nghiệp Đại học chuyên ngành CNTT hoặc có chứng chỉ tương đương.
Tối thiểu 3 năm kinh nghiệm kiểm thử phần mềm (Mobile/Web/API).
Có kiến thức về quy trình test, kỹ thuật test, viết...",https://www.topcv.vn/viec-lam/nhan-vien-kiem-thu-phan-mem-tester/1953078.html?ta_source=JobSearchList_LinkDetail&u_sr_id=KW0jG5PoPB9RO7JaQsbFxWiZIMpIIPGMGZFxboiO_1763294565
Chuyên Viên Phân Tích Nghiệp Vụ - Yêu Cầu 2 Năm Kinh Nghiệm,"phân tích nghiệp vụ, kế toán, tư duy phản biện, đàm phán, ba, thuyết trình, chủ động, tài chính","Yêu cầu ứng viên
Tốt nghiệp Đại học trở lên các chuyên ngành về Kế toán - Kiểm toán - Tài chính
Tối thiểu 2 năm kinh nghiệm phân tích nghiệp vụ (BA)
Khả năng thuyết trình, đàm phán, trao đổi công việc...",https://www.topcv.vn/viec-lam/chuyen-vien-phan-tich-nghiep-vu-yeu-cau-2-nam-kinh-nghiem/1940666.html?ta_source=JobSearchList_LinkDetail&u_sr_id=KW0jG5PoPB9RO7JaQsbFxWiZIMpIIPGMGZFxboiO_1763294571
Chuyên Viên Cao Cấp Phân Tích Nghiệp Vụ/Executive Officer Of Business Analyst Tại Hà Nội,"communication, giao tiếp, tiếng anh, testing, english","Yêu cầu ứng viên
Tốt nghiệp cao đẳng trở lên
College degree or higher
Có từ 3 đến 5 năm kinh nghiệm ở các vị trí tương đương
3 to 5 years of experience in similar positions
Có khả năng hiểu và giao ti...",https://www.topcv.vn/viec-lam/chuyen-vien-cao-cap-phan-tich-nghiep-vu-executive-officer-of-business-analyst-tai-ha-noi/1940755.html?ta_source=JobSearchList_LinkDetail&u_sr_id=KW0jG5PoPB9RO7JaQsbFxWiZIMpIIPGMGZFxboiO_1763294576
Nhân Viên Tiếng Hàn Hỗ Trợ Quản Lý Ngân Sách IT - Hội Sở (Không Yêu Cầu Kinh Nghiệm),tiếng hàn,"Yêu cầu ứng viên
Hồ sơ ứng tuyển bằng Tiếng Hàn
Sử dụng thành thạo Tiếng Hàn
Độ tuổi 23 - 30
Có thể đi làm ngay sau khi được tuyển dụng
Tốt nghiệp Đại Học trở lên
Không yêu cầu kinh nghiệm
Nhiệt tình,...",https://www.topcv.vn/viec-lam/nhan-vien-tieng-han-ho-tro-quan-ly-ngan-sach-it-hoi-so-khong-yeu-cau-kinh-nghiem/1942192.html?ta_source=JobSearchList_LinkDetail&u_sr_id=KW0jG5PoPB9RO7JaQsbFxWiZIMpIIPGMGZFxboiO_1763294565
Manual Tester,"english, proactive","Yêu cầu ứng viên


- Good English.
- Professional knowledge and some related certificates such as software engineer/computer science, Math - IT, Information Technology
- Honest, self-motivated and pro...",https://www.topcv.vn/viec-lam/manual-tester/1774462.html?ta_source=JobSearchList_LinkDetail&u_sr_id=KW0jG5PoPB9RO7JaQsbFxWiZIMpIIPGMGZFxboiO_1763294580
Nhân Viên Gia Công (Lập Trình Chạy Máy CNC),,"Yêu cầu ứng viên
Tốt nghiệp CĐ – ĐH chuyên ngành Cơ khí, Cơ khí chế tạo, Tự động hóa, Chế tạo máy hoặc các chuyên ngành liên quan.
Kinh nghiệm 1 năm trở lên biết vận hành, lập trình máy phay CNC
Sử dụ...",https://www.topcv.vn/viec-lam/nhan-vien-gia-cong-lap-trinh-chay-may-cnc/1808383.html?ta_source=JobSearchList_LinkDetail&u_sr_id=KW0jG5PoPB9RO7JaQsbFxWiZIMpIIPGMGZFxboiO_1763294607
"Senior Full-Stack Developer (.NET, ReactJS)","restful, couchbase, asp.net, sql, .net, api, english, react, git, oracle, typescript, agile, sql server, scrum, c#, mongodb, communication, postgresql","Yêu cầu ứng viên

• Bachelor’s Degree or above in Computer Science or Computer Engineering.
• In-depth knowledge Object Oriented Programming (OOP), SOLID principles.
• 5+ years of experience in backen...",https://www.topcv.vn/viec-lam/senior-full-stack-developer-net-reactjs/1903382.html?ta_source=JobSearchList_LinkDetail&u_sr_id=KW0jG5PoPB9RO7JaQsbFxWiZIMpIIPGMGZFxboiO_1763294585
Lập Trình Viên IOS (Mobile Apps),"restful, flutter, tiếng anh, swift, tư duy logic, objective-c, swiftui","Yêu cầu ứng viên
Có từ 3 - 5 năm kinh nghiệm tại vị trí tương đương. Thành thạo Swift, Objective-C.
Có kinh nghiệm AudioKit, SpriteKit, ưu tiên các bạn ứng viên đã từng làm app music/piano.
Nắm vững c...",https://www.topcv.vn/viec-lam/lap-trinh-vien-ios-mobile-apps/1895155.html?ta_source=JobSearchList_LinkDetail&u_sr_id=KW0jG5PoPB9RO7JaQsbFxWiZIMpIIPGMGZFxboiO_1763294599
Technical Lead (PHP),"html, sql, proactive, css, english, aws, php, docker, amazon web services, ci/cd, javascript, application security, communication","Yêu cầu ứng viên
Good English communication skills, both written and verbal.
4+ years of experience in web application development.
2+ years of hands-on PHP development experience.
Proficiency in Java...",https://www.topcv.vn/viec-lam/technical-lead-php/1940339.html?ta_source=JobSearchList_LinkDetail&u_sr_id=KW0jG5PoPB9RO7JaQsbFxWiZIMpIIPGMGZFxboiO_1763294571
Nhân Viên Lập Trình Và Vận Hành CNC,,"Yêu cầu ứng viên

YÊU CẦU ỨNG VIÊN:

- Kinh nghiệm: Tối thiểu 5 năm kinh nghiệm thực tế trong vai trò CNC Programmer.

- Trình độ học vấn: Không bắt buộc; kinh nghiệm lâu năm có liên quan sẽ được xem ...",https://www.topcv.vn/viec-lam/nhan-vien-lap-trinh-va-van-hanh-cnc/1944545.html?ta_source=JobSearchList_LinkDetail&u_sr_id=KW0jG5PoPB9RO7JaQsbFxWiZIMpIIPGMGZFxboiO_1763294612
Mobile App Developer Tại TP HCM,"ngân hàng, restful, html, giao tiếp, css, redux, sass, api, thương mại điện tử, react native, git, typescript, scss, javascript, tư duy logic, react","Yêu cầu ứng viên

Yêu cầu kỹ năng chính

Framework & Thư viện: React Native; Redux; RxJS.
Ngôn ngữ lập trình: TypeScript; HTML; CSS/SASS/SCSS; JavaScript.
Khác: RESTful API; Giao thức giao tiếp web; C...",https://www.topcv.vn/viec-lam/mobile-app-developer-tai-tp-hcm/1650565.html?ta_source=JobSearchList_LinkDetail&u_sr_id=KW0jG5PoPB9RO7JaQsbFxWiZIMpIIPGMGZFxboiO_1763294589
"Tester (QA) Tiếng Nhật N3, Nghỉ T7 & CN (Cầu Giấy - Hà Nội)","tiếng nhật, n3","Yêu cầu ứng viên

- Bắt buộc: Có tiếng Nhật từ N3 trở lên
- Có hiểu biết về sử dụng phần mềm
- Yêu thích công việc, ham học hỏi, có tinh thần trách nhiệm cao, tỷ mỷ, cẩn thận.
- Kinh nghiệm từ 3 tháng...",https://www.topcv.vn/viec-lam/tester-qa-tieng-nhat-n3-nghi-t7-cn-cau-giay-ha-noi/1934602.html?ta_source=JobSearchList_LinkDetail&u_sr_id=KW0jG5PoPB9RO7JaQsbFxWiZIMpIIPGMGZFxboiO_1763294594
Korean Bridge Software Engineer - Kỹ Sư Cầu Nối Tiếng Hàn,"topik, teamwork, english, ba, topik 5, toeic, korean, communication","Yêu cầu ứng viên

[Required]

Bachelor's Degree
From 1 year of experience translating/interpreting in the IT field
Strong written and verbal communication skills in Korean
TOPIK 5 or higher
Strong wri...",https://www.topcv.vn/viec-lam/korean-bridge-software-engineer-ky-su-cau-noi-tieng-han/1696963.html?ta_source=JobSearchList_LinkDetail&u_sr_id=KW0jG5PoPB9RO7JaQsbFxWiZIMpIIPGMGZFxboiO_1763294565
IT Infrastructure Engineer,"vmware, oracle, red hat, sql","Yêu cầu ứng viên

• 3-5 years experiences in IT role, especially as a Server Administrator, Database Administrator.
• Experience with or knowledge of operating systems, latest equipment and technologi...",https://www.topcv.vn/viec-lam/it-infrastructure-engineer/1949241.html?ta_source=JobSearchList_LinkDetail&u_sr_id=KW0jG5PoPB9RO7JaQsbFxWiZIMpIIPGMGZFxboiO_1763294607
Chuyên Viên Quản Trị Mạng/ IT Helpdesk,,"Yêu cầu ứng viên
Tốt nghiệp Đại học hoặc Cao đẳng chuyên ngành CNTT, Điện tử - viễn thông
Có kinh nghiệm quản trị các hệ thống mạng: LAN, WAN, Wifi, các thiết bị mạng routers, thiết bị cân bằng tải
Có...",https://www.topcv.vn/viec-lam/chuyen-vien-quan-tri-mang-it-helpdesk/1944491.html?ta_source=JobSearchList_LinkDetail&u_sr_id=KW0jG5PoPB9RO7JaQsbFxWiZIMpIIPGMGZFxboiO_1763294585
Fullstack Developer (From Middle Level),"gcp, node.js, jquery, sql, vue, english, aws, php, azure, go, javascript, next.js, communication, vue.js, react","Yêu cầu ứng viên
Bachelor's degree in Computer Science, Engineering, or a related field.
Minimum of 4 years of experience in fullstack development.
Proficient in frontend technologies: React, Next.js,...",https://www.topcv.vn/viec-lam/fullstack-developer-from-middle-level/1949663.html?ta_source=JobSearchList_LinkDetail&u_sr_id=KW0jG5PoPB9RO7JaQsbFxWiZIMpIIPGMGZFxboiO_1763294576
Nhân Viên Kỹ Thuật Sản Xuất - Lập Trình Robot,,"Yêu cầu ứng viên

- Trình độ học vấn: Tốt nghiệp Trung cấp trở lên ngành cơ điện tử , cơ khí, hoặc ngành nghề có khả năng lập trình máy gia công.
- Ưu tiên có kinh nghiệm vận hành robot công nghiệp (n...",https://www.topcv.vn/viec-lam/nhan-vien-ky-thuat-san-xuat-lap-trinh-robot/1930450.html?ta_source=JobSearchList_LinkDetail&u_sr_id=KW0jG5PoPB9RO7JaQsbFxWiZIMpIIPGMGZFxboiO_1763294571
Lập Trình Viên .NET,"jquery, html, asp.net, sql, css, tiếng anh, javascript, t-sql, sql server, c#","Yêu cầu ứng viên
Tốt nghiệp: Đại học chuyên ngành Công nghệ thông tin hoặc tương đương.
Tối thiểu 2 năm kinh nghiệm lập trình ASP.NET Webforrm, MVC, C#, ADO.NET, Linq, kiến trúc 3 lớp, Webservice, Obj...",https://www.topcv.vn/viec-lam/lap-trinh-vien-net/1940254.html?ta_source=JobSearchList_LinkDetail&u_sr_id=KW0jG5PoPB9RO7JaQsbFxWiZIMpIIPGMGZFxboiO_1763294585
Kỹ Sư Machine Learning (ML) Cấp Trung,"c++, tensorflow, python, pytorch, opencv, machine learning, api, ml","Yêu cầu ứng viên

• Tốt nghiệp đại học trở lên chuyên ngành Khoa học Máy tính, Khoa học Dữ liệu hoặc lĩnh vực liên quan.
• Tối thiểu 3 năm kinh nghiệm trong lĩnh vực machine learning.
• Thành thạo Pyt...",https://www.topcv.vn/viec-lam/ky-su-machine-learning-ml-cap-trung/1871832.html?ta_source=JobSearchList_LinkDetail&u_sr_id=KW0jG5PoPB9RO7JaQsbFxWiZIMpIIPGMGZFxboiO_1763294616
Business Analyst - Tuyển Từ 6 Tháng Kinh Nghiệm,"tư duy phản biện, sql, giao tiếp, tiếng anh, quản lý thời gian, thuyết trình, agile, chủ động, scrum, tư duy logic, tài chính","Yêu cầu ứng viên
Trình độ học vấn: Tốt nghiệp Đại học chuyên ngành công nghệ thông tin/liên quan.
Nắm rõ quy trình phát triển phần mềm theo Agile, scrum
Ưu tiên các ứng viên có kinh nghiệm mảng tài ch...",https://www.topcv.vn/viec-lam/business-analyst-tuyen-tu-6-thang-kinh-nghiem/1915029.html?ta_source=JobSearchList_LinkDetail&u_sr_id=KW0jG5PoPB9RO7JaQsbFxWiZIMpIIPGMGZFxboiO_1763294589
"Fresher Business Analyst (Từ 6 Tháng-1 Năm Kinh Nghiệm, Offer 9-15tr/Tháng)","postman, ui, ux, sql, ui/ux, thương mại điện tử, jira, erp, business analyst, làm việc nhóm","Yêu cầu ứng viên
Có từ 6 tháng - 1 năm kinh nghiệm làm Business Analyst, ưu tiên trong lĩnh vực bán lẻ, thương mại điện tử, phần mềm POS hoặc ERP.
Hiểu nghiệp vụ bán hàng, quản lý tồn kho, đơn hàng, v...",https://www.topcv.vn/brand/softdreams/tuyen-dung/fresher-business-analyst-tu-6-thang-1-nam-kinh-nghiem-offer-9-15tr-thang-j1951795.html?ta_source=JobSearchList_LinkDetail&u_sr_id=KW0jG5PoPB9RO7JaQsbFxWiZIMpIIPGMGZFxboiO_1763294589
Chuyên Viên Triển Khai Phần Mềm,"quản lý tuyển dụng, triển khai phần mềm, support, b2b, phần mềm quản trị nhân sự, customer success, ats, customer service, hrm, software deployment","Yêu cầu ứng viên
Tốt nghiệp Cao đẳng/Đại học ngành CNTT, Điện tử‑Viễn thông, Quản trị kinh doanh hoặc tương đương
Tối thiểu 2 năm triển khai phần mềm hoặc roles như CSKH, kỹ thuật, support
Có kinh ngh...",https://www.topcv.vn/brand/topcv/tuyen-dung/chuyen-vien-trien-khai-phan-mem-j1837316.html?ta_source=JobSearchList_LinkDetail&u_sr_id=KW0jG5PoPB9RO7JaQsbFxWiZIMpIIPGMGZFxboiO_1763294565
Chuyên Viên Chính Ngân Hàng Lõi (T24 CoreBanking),"ngân hàng, banking, tài chính","Yêu cầu ứng viên

Chuyên môn và Năng lực:

Nắm vững ngôn ngữ lập trình trong Corebanking.
Có đủ khả năng phân tích tài liệu nghiệp vụ, tài liệu kỹ thuật nhằm đưa ra phương án xử lý tối ưu và lập trình...",https://www.topcv.vn/viec-lam/chuyen-vien-chinh-ngan-hang-loi-t24-corebanking/1279546.html?ta_source=JobSearchList_LinkDetail&u_sr_id=KW0jG5PoPB9RO7JaQsbFxWiZIMpIIPGMGZFxboiO_1763294576
Mobile Development,"flutter, api, react, react native, fintech, giải quyết vấn đề, tài chính","Yêu cầu ứng viên
Tối thiểu 5 năm kinh nghiệm phát triển phần mềm, trong đó có kinh nghiệm vững với React Native và/hoặc Flutter
Có kinh nghiệm triển khai ứng dụng lên App Store và Google Play.
Hiểu rõ...",https://www.topcv.vn/viec-lam/mobile-development/1729105.html?ta_source=JobSearchList_LinkDetail&u_sr_id=KW0jG5PoPB9RO7JaQsbFxWiZIMpIIPGMGZFxboiO_1763294607
IT Business Analyst (BA),"firebase, business intelligence, trello, power bi, sql, confluence, ui/ux, tableau, agile, scrum, ux, jira, business analyst, english, communication, kanban, ui, aws, bi, google cloud","Yêu cầu ứng viên

● Bachelor’s degree in Business Administration, Computer Science, Information Technology, or a related field.

● At least 3 years of experience as an IT Business Analyst in software ...",https://www.topcv.vn/viec-lam/it-business-analyst-ba/1951909.html?ta_source=JobSearchList_LinkDetail&u_sr_id=KW0jG5PoPB9RO7JaQsbFxWiZIMpIIPGMGZFxboiO_1763294565
Tester (Tiếng Nhật N3),"tiếng nhật, api, n3","Yêu cầu ứng viên
Trình độ tiếng Nhật tương đương N3 trở lên.
Có từ 2 năm kinh nghiệm làm việc ở vị trí Tester
Hiểu rõ các loại test, phương pháp test.
Nắm vững quy trình phát triển phần mềm, quy trình...",https://www.topcv.vn/viec-lam/tester-tieng-nhat-n3/1940243.html?ta_source=JobSearchList_LinkDetail&u_sr_id=KW0jG5PoPB9RO7JaQsbFxWiZIMpIIPGMGZFxboiO_1763294576
.Net Developer - HCM,".net core, asp.net, giao tiếp, sql, api, git, sql server, làm việc nhóm, c#, .net, giải quyết vấn đề, postgresql","Yêu cầu ứng viên
Tốt nghiệp Đại học chuyên ngành Khoa học Máy tính, Kỹ thuật Phần mềm hoặc lĩnh vực liên quan
1–2 năm kinh nghiệm làm việc với .NET hoặc các công nghệ tương đương
Hiểu biết tốt về C#, ...",https://www.topcv.vn/brand/fptis/tuyen-dung/net-developer-hcm-j632191.html?ta_source=JobSearchList_LinkDetail&u_sr_id=KW0jG5PoPB9RO7JaQsbFxWiZIMpIIPGMGZFxboiO_1763294565
Nhân Viên Fullstack Web Development (Làm Việc Thứ 2-6) - Mức Lương Thỏa Thuận Theo Năng Lực,"gcp, flutter, react native, typescript, làm việc nhóm, restful, python, microservices, api, php, erp, mysql, tư duy logic, vue.js, node.js, django, logistics, laravel, crm, chủ động, postgresql, ui, giao tiếp, vue, aws, redis, fastapi, java, e-commerce, giải quyết vấn đề, react","Yêu cầu ứng viên

- Kỹ năng bắt buộc:

Frontend: React/Vue.js + TypeScript, responsive design, state management, Java
Backend: Node.js/Python (Django/FastAPI) hoặc PHP (Laravel)
Database: MySQL/Postgr...",https://www.topcv.vn/viec-lam/nhan-vien-fullstack-web-development-lam-viec-thu-2-6-muc-luong-thoa-thuan-theo-nang-luc/1805889.html?ta_source=JobSearchList_LinkDetail&u_sr_id=KW0jG5PoPB9RO7JaQsbFxWiZIMpIIPGMGZFxboiO_1763294589
Embedded Automation Engineer,"c++, python, teamwork, linux, english, testing, time management, git, c, bash, agile, scrum, svn, communication","Yêu cầu ứng viên

We are looking for candidates with 1+ years of experience in the area of Embedded Software Engineer.
• Bachelor's degree in Computer Science, Electronic, Information Technology, Mech...",https://www.topcv.vn/viec-lam/embedded-automation-engineer/1537249.html?ta_source=JobSearchList_LinkDetail&u_sr_id=KW0jG5PoPB9RO7JaQsbFxWiZIMpIIPGMGZFxboiO_1763294603
SAP Consulting Intern,"communication, ielts, erp, ielts 6.0, toeic, sap, e-commerce, english","Yêu cầu ứng viên
Preferably 4th-year students available for full-time work. Majoring in Management Information Systems, E-commerce, Industrial Management,...
Having studied and practiced ERP/SAP in un...",https://www.topcv.vn/viec-lam/sap-consulting-intern/1737153.html?ta_source=JobSearchList_LinkDetail&u_sr_id=KW0jG5PoPB9RO7JaQsbFxWiZIMpIIPGMGZFxboiO_1763294607
Nhân Viên Kinh Doanh Dự Án B2B (IT/Telecom),"giao tiếp, b2b, tiếng anh, thuyết trình, làm việc nhóm, dịch vụ khách hàng","Yêu cầu ứng viên
Tốt nghiệp Cao đẳng, Đại học trở lên các chuyên ngành Kinh tế, Công nghệ thông tin, Điện tử viễn thông, ...
Có kinh nghiệm direct sales, sales dự án, business development, partnership...",https://www.topcv.vn/viec-lam/nhan-vien-kinh-doanh-du-an-b2b-it-telecom/1807589.html?ta_source=JobSearchList_LinkDetail&u_sr_id=KW0jG5PoPB9RO7JaQsbFxWiZIMpIIPGMGZFxboiO_1763294571
Chuyên Viên Cao Cấp Phát Triển Ứng Dụng (Java Dev),"ngân hàng, restful, spring, pl/sql, sql, soap, tiếng anh, struts, oracle, json, sql server, mysql, mssql, c#, java, .net, hibernate","Yêu cầu ứng viên

- Trình độ: Tốt nghiệp chuyên ngành Công nghệ thông tin với ít nhất 3 năm kinh nghiệm.
- Ngoại ngữ: Có khả năng đọc tài liệu chuyên ngành công nghệ thông tin Tiếng Anh
- Có ít nhất 2...",https://www.topcv.vn/brand/tuyendungvietabank/tuyen-dung/chuyen-vien-cao-cap-phat-trien-ung-dung-java-dev-j1908843.html?ta_source=JobSearchList_LinkDetail&u_sr_id=KW0jG5PoPB9RO7JaQsbFxWiZIMpIIPGMGZFxboiO_1763294599
Thực Tập Sinh Công Nghệ Thông Tin Có Lương,"giao tiếp, php, giải quyết vấn đề, chủ động","Yêu cầu ứng viên
Có kiến thức cơ bản về web PHP, app, web design
Kỹ năng giao tiếp tốt
Kỹ năng giải quyết vấn đề và làm việc theo nhóm.
Có khả năng làm việc độc lập, chủ động, trách nhiệm, nhiệt tình ...",https://www.topcv.vn/viec-lam/thuc-tap-sinh-cong-nghe-thong-tin-co-luong/1947539.html?ta_source=JobSearchList_LinkDetail&u_sr_id=KW0jG5PoPB9RO7JaQsbFxWiZIMpIIPGMGZFxboiO_1763294565
IOS Developer,"ios, restful, firebase, api, swift, giải quyết vấn đề","Yêu cầu ứng viên
Tốt nghiệp Cao Đẳng/Đại Học chuyên ngành CNTT.
Có ít nhất 5 năm kinh nghiệm lập trình Swift cho iOS.
Kiến thức tốt về OOP, cấu trúc dữ liệu và thuật toán.
Hiểu biết sâu về iOS SDK, cá...",https://www.topcv.vn/viec-lam/ios-developer/1946770.html?ta_source=JobSearchList_LinkDetail&u_sr_id=KW0jG5PoPB9RO7JaQsbFxWiZIMpIIPGMGZFxboiO_1763294565
Senior System Engineer (Cloud),"giao tiếp, devops, aws, tiếng anh, azure, toeic, ci/cd","Yêu cầu ứng viên
Tốt nghiệp Đại học, chuyên ngành Công nghệ thông tin / điện tử viễn thông hoặc chuyên ngành khác liên quan
Có kiến thức về quản trị hệ thống mạng, máy chủ, hệ thống lưu trữ, cơ sở dữ ...",https://www.topcv.vn/viec-lam/senior-system-engineer-cloud/1953073.html?ta_source=JobSearchList_LinkDetail&u_sr_id=KW0jG5PoPB9RO7JaQsbFxWiZIMpIIPGMGZFxboiO_1763294594
Backend Developer (Node.Js) - Mid/Senior Level - Không Yêu Cầu Tiếng Anh (Thu Nhập Từ 20-35 Triệu +++),"gcp, azure, ci/cd, làm việc nhóm, restful, express, api, docker, mysql, mongodb, node.js, git, postgresql, nestjs, giao tiếp, kafka, rest, aws, jwt, rabbitmq, giải quyết vấn đề","Yêu cầu ứng viên
Tối thiểu 3-4 năm kinh nghiệm phát triển Backend bằng Node.js (Express hoặc NestJS).
Có kinh nghiệm mạnh về tích hợp hệ thống (Integration): kết nối API, message queue (Kafka/RabbitMQ...",https://www.topcv.vn/viec-lam/backend-developer-node-js-mid-senior-level-khong-yeu-cau-tieng-anh-thu-nhap-tu-20-35-trieu/1945967.html?ta_source=JobSearchList_LinkDetail&u_sr_id=KW0jG5PoPB9RO7JaQsbFxWiZIMpIIPGMGZFxboiO_1763294585
Kế Toán/Kiểm Toán Làm Phân Tích Nghiệp Vụ Phần Mềm (Không Yêu Cầu Kinh Nghiệm Phân Tích Nghiệp Vụ),"kế toán, tư duy phản biện, đàm phán, thuyết trình, chủ động, tài chính","Yêu cầu ứng viên
Tốt nghiệp ĐH trở lên các chuyên ngành về Kế toán - Kiểm toán - Tài chính
Tối thiểu 1 năm kinh nghiệm trong lĩnh vực Kế toán, Kiểm toán, Tài chính. Ưu tiên ứng viên có kinh nghiệm làm...",https://www.topcv.vn/viec-lam/ke-toan-kiem-toan-lam-phan-tich-nghiep-vu-phan-mem-khong-yeu-cau-kinh-nghiem-phan-tich-nghiep-vu/1919269.html?ta_source=JobSearchList_LinkDetail&u_sr_id=KW0jG5PoPB9RO7JaQsbFxWiZIMpIIPGMGZFxboiO_1763294571
Frontend Developer (ReactJS) - Mid/Senior Level - Không Yêu Cầu Tiếng Anh (Thu Nhập Từ 20 - 35 Triệu VNĐ+++),"restful, recoil, css3, graphql, zustand, ux, ui, ui/ux, teamwork, api, redux, git, typescript, javascript, html5, reactjs","Yêu cầu ứng viên
Tối thiểu 3-4 năm kinh nghiệm lập trình Frontend, trong đó ReactJS là công nghệ chính.
Thành thạo HTML5, CSS3, JavaScript (ES6+), TypeScript.
Có kinh nghiệm làm việc với các dự án AI ...",https://www.topcv.vn/viec-lam/frontend-developer-reactjs-mid-senior-level-khong-yeu-cau-tieng-anh-thu-nhap-tu-20-35-trieu-vnd/1945977.html?ta_source=JobSearchList_LinkDetail&u_sr_id=KW0jG5PoPB9RO7JaQsbFxWiZIMpIIPGMGZFxboiO_1763294580
Senior Fullstack (Node JS + React JS),"redux, devops, azure, typescript, ci/cd, cypress, next.js, express.js, express, jest, docker, javascript, mysql, agile, scrum, mongodb, node.js, css3, graphql, testing, git, mocha, fintech, html5, communication, english, postgresql, nestjs, kubernetes, fastify, aws, react.js, google cloud, e-commerce, react","Yêu cầu ứng viên

Required Qualifications

Bachelor's degree in Computer Science, Software Engineering, or equivalent practical experience
+5 years of professional software development experience
Stro...",https://www.topcv.vn/viec-lam/senior-fullstack-node-js-react-js/1950399.html?ta_source=JobSearchList_LinkDetail&u_sr_id=KW0jG5PoPB9RO7JaQsbFxWiZIMpIIPGMGZFxboiO_1763294576
Chuyên Viên Phát Triển Ứng Dụng,"jquery, python, sql, api, erp, javascript, mysql","Yêu cầu ứng viên

1. Trình độ học vấn: Tốt nghiệp Cao đẳng/Đại học chuyên ngành Công nghệ thông tin hoặc lĩnh vực liên quan.

2. Kiến thức chuyên môn:

Có kiến thức vững về lập trình backend với Pytho...",https://www.topcv.vn/viec-lam/chuyen-vien-phat-trien-ung-dung/1943249.html?ta_source=JobSearchList_LinkDetail&u_sr_id=KW0jG5PoPB9RO7JaQsbFxWiZIMpIIPGMGZFxboiO_1763294589
Flutter Developer,"ngân hàng, android, api, flutter","Yêu cầu ứng viên
Tối thiểu 2 năm kinh nghiệm làm việc thực tế tại các công ty, dự án về vị trí lập trình viên Flutter.
Có kinh nghiệm sử dụng thành thạo IDE XCode, Android studio, các công cụ hỗ trợ...",https://www.topcv.vn/viec-lam/flutter-developer/1617358.html?ta_source=JobSearchList_LinkDetail&u_sr_id=KW0jG5PoPB9RO7JaQsbFxWiZIMpIIPGMGZFxboiO_1763294616
Manual Tester,"postman, sql, giao tiếp, api, testing, scrum, agile, làm việc nhóm, tư duy logic","Yêu cầu ứng viên
Có từ 2 năm kinh nghiệm trong kiểm thử phần mềm (manual testing).
Kinh nghiệm tốt với API testing (Postman, RestAssured, SoapUI…).
Thành thạo SQL, có khả năng viết query để kiểm tra d...",https://www.topcv.vn/viec-lam/manual-tester/1940578.html?ta_source=JobSearchList_LinkDetail&u_sr_id=KW0jG5PoPB9RO7JaQsbFxWiZIMpIIPGMGZFxboiO_1763294585
Nhân Viên Học Việc Vị Trí Kinh Doanh Dự Án,"giao tiếp, chủ động","Yêu cầu ứng viên

Sinh viên mới tốt nghiệp hoặc đang tìm kiếm cơ hội học hỏi trong lĩnh vực kinh doanh/dự án.

Có kỹ năng giao tiếp tốt, ham học hỏi, chủ động.

Biết sử dụng tin học văn phòng (Word, E...",https://www.topcv.vn/viec-lam/nhan-vien-hoc-viec-vi-tri-kinh-doanh-du-an/1893167.html?ta_source=JobSearchList_LinkDetail&u_sr_id=KW0jG5PoPB9RO7JaQsbFxWiZIMpIIPGMGZFxboiO_1763294612
"Mobile Dev(Full-Stack) – IOS & Android, Tư Duy AI","kotlin, gcp, flutter, swift, react native, typescript, ci/cd, python, sql, express, api, dart, docker, datadog, node.js, django, jetpack compose, postgresql, llm, nestjs, github actions, giao tiếp, ui, aws, github, fastapi, swiftui, react","Yêu cầu ứng viên
Tư duy phân tích mạnh, học nhanh, kiến trúc chặt chẽ.
Có khả năng phát triển sản phẩm toàn diện: từ cơ sở dữ liệu đến mobile UI.
Hiểu nhanh code người khác viết, đọc – nắm – tối ưu hi...",https://www.topcv.vn/viec-lam/mobile-devfull-stack-ios-android-tu-duy-ai/1936716.html?ta_source=JobSearchList_LinkDetail&u_sr_id=KW0jG5PoPB9RO7JaQsbFxWiZIMpIIPGMGZFxboiO_1763294594
"Senior .NET Dev (Project 3 Tháng, Đi Làm Ngay)","c#, .net","Yêu cầu ứng viên

- Có từ 3 năm kinh nghiệm lập trình .NET / C#
- Đã từng tham gia các dự án tích hợp hệ thống là một lợi thế lớn
- Làm việc tốt trong môi trường on-site, phối hợp cùng các team nghiệp...",https://www.topcv.vn/viec-lam/senior-net-dev-project-3-thang-di-lam-ngay/1947593.html?ta_source=JobSearchList_LinkDetail&u_sr_id=KW0jG5PoPB9RO7JaQsbFxWiZIMpIIPGMGZFxboiO_1763294585
Fullstack Developer,"html, express.js, graphql, nestjs, express, css, redux, tiếng anh, git, react.js, tư duy logic, mongodb, giải quyết vấn đề, react","Yêu cầu ứng viên
Độ tuổi: 20–25, tốt nghiệp cao đẳng/đại học, yêu thích lập trình.
Tối thiểu 1 năm kinh nghiệm với Redux, React.js, Express.js/NestJS, GraphQL và
MongoDB hoặc 6 tháng kinh nghiệm làm v...",https://www.topcv.vn/viec-lam/fullstack-developer/1952011.html?ta_source=JobSearchList_LinkDetail&u_sr_id=KW0jG5PoPB9RO7JaQsbFxWiZIMpIIPGMGZFxboiO_1763294589
Senior Front End Developer (ReactJS/ Angular),"html, css, bootstrap, angular, git, typescript, javascript, reactjs","Yêu cầu ứng viên
Có kinh nghiệm lập trình web dùng Angular, JavaScript/TypeScript, HTML/CSS, Bootstrap, ReactJS từ 3 năm trở lên
Có kinh nghiệm sử dụng git
Sẵn sàng học hỏi, nghiên cứu các công nghệ m...",https://www.topcv.vn/viec-lam/senior-front-end-developer-reactjs-angular/1886930.html?ta_source=JobSearchList_LinkDetail&u_sr_id=KW0jG5PoPB9RO7JaQsbFxWiZIMpIIPGMGZFxboiO_1763294589
Business Analyst (Domain Bảo Hiểm Phi Nhân Thọ),"giao tiếp, ba, tư duy logic, tiếng anh","Yêu cầu ứng viên
Tối thiểu 3 năm kinh nghiệm BA trong lĩnh vực bảo hiểm phi nhân thọ (GI).
Có hiểu biết hoặc từng làm việc với các sản phẩm bảo hiểm như Motor, Health, Property, Fleet.
Ưu tiên ứng viê...",https://www.topcv.vn/viec-lam/business-analyst-domain-bao-hiem-phi-nhan-tho/1952244.html?ta_source=JobSearchList_LinkDetail&u_sr_id=KW0jG5PoPB9RO7JaQsbFxWiZIMpIIPGMGZFxboiO_1763294599
Business Analyst,"phân tích nghiệp vụ, business analyst, tiếng anh, tài chính","Yêu cầu ứng viên
Trình độ học vấn: Đại học chuyên ngành CNTT, phần mềm hoặc máy tính; chứng chỉ liên quan đến lĩnh vực kinh tế, quản trị kinh doanh. Chứng chỉ về phân tích nghiệp vụ (Business Analyst)...",https://www.topcv.vn/viec-lam/business-analyst/1320794.html?ta_source=JobSearchList_LinkDetail&u_sr_id=KW0jG5PoPB9RO7JaQsbFxWiZIMpIIPGMGZFxboiO_1763294580
Business Analyst (Nhân Viên Phân Tích Nghiệp Vụ),"làm việc nhóm, erp, tiếng anh, .net","Yêu cầu ứng viên

- Tốt nghiệp chuyên ngành về Công nghệ thông tin, Hệ thống thông tin hoặc các khối ngành liên quan
- Có tư duy phân tích hệ thống, Ưu tiên ứng viên có kinh nghiệm về HR hoặc ERP
- Hi...",https://www.topcv.vn/viec-lam/business-analyst-nhan-vien-phan-tich-nghiep-vu/673334.html?ta_source=JobSearchList_LinkDetail&u_sr_id=KW0jG5PoPB9RO7JaQsbFxWiZIMpIIPGMGZFxboiO_1763294589
Chuyên Viên Tester - Thu Nhập 8-12tr - Hoàng Mai - Hà Nội,"sql, ui","Yêu cầu ứng viên
Kinh nghiệm làm việc >= 1 năm trong lĩnh vực kiểm thử phần mềm (Web, Mobile)
Có khả năng tham gia vào toàn bộ các phase của quá trình test (phân tích yêu cầu, xây dựng kế hoạch test/t...",https://www.topcv.vn/viec-lam/chuyen-vien-tester-thu-nhap-8-12tr-hoang-mai-ha-noi/1936271.html?ta_source=JobSearchList_LinkDetail&u_sr_id=KW0jG5PoPB9RO7JaQsbFxWiZIMpIIPGMGZFxboiO_1763294594
"Thực Tập Lập Trình Backend (Webhook, Automation)","postman, python, api, json, javascript, tư duy logic, giải quyết vấn đề","Yêu cầu ứng viên
Có kiến thức về API, Webhook, JSON, JavaScript, Python, Appscript, Postman
Có tư duy logic, khả năng phân tích và giải quyết vấn đề tốt.
Sinh viên năm 3, 4 hoặc mới tốt nghiệp chuyên ...",https://www.topcv.vn/viec-lam/thuc-tap-lap-trinh-backend-webhook-automation/1675553.html?ta_source=JobSearchList_LinkDetail&u_sr_id=KW0jG5PoPB9RO7JaQsbFxWiZIMpIIPGMGZFxboiO_1763294612
"Kỹ Sư Tự Động Hóa (PLC, HMI)","tư duy logic, tiếng anh, giải quyết vấn đề","Yêu cầu ứng viên
Giới tính: Nam, Tuổi: 24 - 30 tuổi.
Tốt nghiệp Cao đẳng/ Đại học ngành Tự động hoá, Điện – Điện tử, Cơ điện tử hoặc liên quan.
Có kinh nghiệm lập trình PLC (ưu tiên Siemens S7-1200/15...",https://www.topcv.vn/viec-lam/ky-su-tu-dong-hoa-plc-hmi/1772097.html?ta_source=JobSearchList_LinkDetail&u_sr_id=KW0jG5PoPB9RO7JaQsbFxWiZIMpIIPGMGZFxboiO_1763294616
Business Analyst (Chuyên Viên Phân Tích Nghiệp Vụ),"phân tích nghiệp vụ, tiếng anh, bảo mật thông tin, toeic","Yêu cầu ứng viên
Tốt nghiệp Đại học ngành Công nghệ thông tin, Bảo mật thông tin, An toàn thông tin hoặc tương đương
Có ít nhất 02 năm kinh nghiệm trong lĩnh vực phát triển phần mềm tại vị trí Phân tí...",https://www.topcv.vn/viec-lam/business-analyst-chuyen-vien-phan-tich-nghiep-vu/1286540.html?ta_source=JobSearchList_LinkDetail&u_sr_id=KW0jG5PoPB9RO7JaQsbFxWiZIMpIIPGMGZFxboiO_1763294585
Kỹ Sư Phần Mềm – Lập Trình Viên Chatbot (Software Engineer – Cognitive/AI Automation – Bot Developer (IC)),"giao tiếp, làm việc nhóm, sáng tạo, communication","Yêu cầu ứng viên
Tốt nghiệp Cử nhân ngành Khoa học Máy tính (ưu tiên Thạc sĩ).
Tối thiểu 4 năm kinh nghiệm phát triển và cấu hình chatbot doanh nghiệp.
Hiểu biết sâu về Watson Assistant, Lex, Google D...",https://www.topcv.vn/brand/bpomatbao/tuyen-dung/ky-su-phan-mem-lap-trinh-vien-chatbot-software-engineer-cognitive-ai-automation-bot-developer-ic-j1951481.html?ta_source=JobSearchList_LinkDetail&u_sr_id=KW0jG5PoPB9RO7JaQsbFxWiZIMpIIPGMGZFxboiO_1763294576
PHP Developer,"jquery, html, laravel, css, php, javascript, mysql, angularjs","Yêu cầu ứng viên

• Strong experience of PHP web frameworks such as Laravel, Apiato
• Knowledge of object-oriented PHP programming
• Knowledge of Frontend technologies and platforms, such as HTML, Jav...",https://www.topcv.vn/viec-lam/php-developer/568721.html?ta_source=JobSearchList_LinkDetail&u_sr_id=KW0jG5PoPB9RO7JaQsbFxWiZIMpIIPGMGZFxboiO_1763294571
Fullstack Developer,"python, kubernetes, express, nodejs, reactjs","Yêu cầu ứng viên

- Có từ 2 năm kinh nghiệm lập trình phần mềm
- Có kỹ năng phân tích yêu cầu người dùng
- Nắm vững các CSDL quan hệ và CSDL NoSQL
- Sử dụng thành thạo một trong các framework Express,...",https://www.topcv.vn/viec-lam/fullstack-developer/1947914.html?ta_source=JobSearchList_LinkDetail&u_sr_id=KW0jG5PoPB9RO7JaQsbFxWiZIMpIIPGMGZFxboiO_1763294585
"Kỹ Thuật Viên Hệ Thống Server, Cloud VPS (Nghỉ T7, CN)",sáng tạo,"Yêu cầu ứng viên

Hòa đồng, năng động, trẻ trung, tư duy cởi mở, sáng tạo


Trung thực, thật thà, nhanh nhẹn, cẩn thận, tỉ mỉ, có trách nhiệm trong công việc

Chịu khó học hỏi, tiếp thu những điều mới...",https://www.topcv.vn/viec-lam/ky-thuat-vien-he-thong-server-cloud-vps-nghi-t7-cn/1938175.html?ta_source=JobSearchList_LinkDetail&u_sr_id=KW0jG5PoPB9RO7JaQsbFxWiZIMpIIPGMGZFxboiO_1763294571
Android Developer,"kotlin, restful, teamwork, jetpack compose, english, jira, git, ci/cd, android, java, communication","Yêu cầu ứng viên

● At least 2 years of experience in Android development, with a strong focus on building and optimizing applications for the Android platform..

● Experience with Java, Kotlin, and J...",https://www.topcv.vn/viec-lam/android-developer/1938935.html?ta_source=JobSearchList_LinkDetail&u_sr_id=KW0jG5PoPB9RO7JaQsbFxWiZIMpIIPGMGZFxboiO_1763294565
Nhân Viên Triển Khai (IT Triển Khai),,"Yêu cầu ứng viên

- Tốt nghiệp Cao đẳng trở lên, chuyên ngành CNTT, Điện – Điện tử viễn thông, Tự động hóa hoặc tương đương.

- Có kiến thức và kinh nghiệm về hệ thống ELV như camera giám sát, kiểm so...",https://www.topcv.vn/viec-lam/nhan-vien-trien-khai-it-trien-khai/1731786.html?ta_source=JobSearchList_LinkDetail&u_sr_id=KW0jG5PoPB9RO7JaQsbFxWiZIMpIIPGMGZFxboiO_1763294616
PHP Full-Stack Developer (PHP Lavarel),"jquery, html, giao tiếp, laravel, css, php, codeigniter, javascript, làm việc nhóm","Yêu cầu ứng viên
Có ít nhất từ 2-3 năm kinh nghiệm lập trình Web PHP, Framework : CodeIgniter , Laravel.
Sử dụng thành thạo HTML, CSS, Javascript, jQuery. Có thể sử dụng Web socket là 1 lợi thế.
Có kh...",https://www.topcv.vn/viec-lam/php-full-stack-developer-php-lavarel/1951882.html?ta_source=JobSearchList_LinkDetail&u_sr_id=KW0jG5PoPB9RO7JaQsbFxWiZIMpIIPGMGZFxboiO_1763294585
HR IT (Talent Acquisition),"tiếng nhật, n2","Yêu cầu ứng viên
Đang sinh sống và làm việc tại Tokyo - Nhật Bản
Trình độ tiếng Nhật từ N2 trở lên
Có ít nhất 1 năm kinh nghiệm tuyển dụng bất kì lĩnh vực nào
Am hiểu và sử dụng thành thạo các kênh tu...",https://www.topcv.vn/viec-lam/hr-it-talent-acquisition/1950425.html?ta_source=JobSearchList_LinkDetail&u_sr_id=KW0jG5PoPB9RO7JaQsbFxWiZIMpIIPGMGZFxboiO_1763294603
Java Backend Developer (Junior Level),"communication, teamwork, java, logical thinking, english","Yêu cầu ứng viên

- At least 1 year of experience in Java programming
- Basic understanding of software development concepts and methodologies.
- Possesses knowledge and experience in Java programming...",https://www.topcv.vn/viec-lam/java-backend-developer-junior-level/1947640.html?ta_source=JobSearchList_LinkDetail&u_sr_id=KW0jG5PoPB9RO7JaQsbFxWiZIMpIIPGMGZFxboiO_1763294607
"Thực Tập Sinh .Net Developer ( ASP.NET , C#)","sql, asp.net, javascript, sql server, c#, e-commerce","Yêu cầu ứng viên

- Đã tốt nghiệp Cao đẳng / Đại Học hoặc đang đợi Bằng trong vòng 2 tháng (ngành Công nghệ thông tin, Phần mềm)

- Có kỹ năng và hiểu biết về : C#, ASP.NET, Javascript, SQL Server

-C...",https://www.topcv.vn/viec-lam/thuc-tap-sinh-net-developer-asp-net-c/1934458.html?ta_source=JobSearchList_LinkDetail&u_sr_id=KW0jG5PoPB9RO7JaQsbFxWiZIMpIIPGMGZFxboiO_1763294589
FullStack Developer,"reactjs, microservices, ui/ux, api, docker, mongodb, ux, sqs, english, communication, postgresql, elasticsearch, nestjs, kubernetes, ui, kafka, aws, nodejs, serverless","Yêu cầu ứng viên
3+ years of professional experience in full-stack web development.
Strong proficiency in NodeJS and ReactJS; experience with ExpressJS and NestJS is required.
Strong expertise in back...",https://www.topcv.vn/viec-lam/fullstack-developer/1567502.html?ta_source=JobSearchList_LinkDetail&u_sr_id=KW0jG5PoPB9RO7JaQsbFxWiZIMpIIPGMGZFxboiO_1763294616
Senior C/C++ Developer,"c++, python, tiếng anh, c, c#, n3, tư duy logic, tiếng nhật","Yêu cầu ứng viên

• Có kinh nghiệm từ 2 năm trở lên về kiểm thử phần mềm nhúng, đặc biệt trong lĩnh vực ô tô.

• Thành thạo với công cụ CANoe, vTestStudio, hiểu về cấu trúc mạng CAN/LIN.

• Có kiến th...",https://www.topcv.vn/viec-lam/senior-c-c-developer/1802893.html?ta_source=JobSearchList_LinkDetail&u_sr_id=KW0jG5PoPB9RO7JaQsbFxWiZIMpIIPGMGZFxboiO_1763294576
Techlead Backend,"python, php, git, mongodb, mysql, java","Yêu cầu ứng viên
Có ít nhất 3 năm kinh nghiệm ở vị trí Techlead hoặc tương đương.
Thành thạo sử dụng ngôn ngữ lập trình Backend, ưu tiên: PHP, Python, Java,….
Có kiến thức nền tảng tốt về OOP, Web Dev...",https://www.topcv.vn/viec-lam/techlead-backend/1949664.html?ta_source=JobSearchList_LinkDetail&u_sr_id=KW0jG5PoPB9RO7JaQsbFxWiZIMpIIPGMGZFxboiO_1763294576
Thực Tập Sinh Java,"spring, angular, nodejs, mongodb, mysql, mssql, chủ động, làm việc nhóm, java, hibernate","Yêu cầu ứng viên
Sinh viên/ứng viên ngành CNTT, Toán tin. (Ưu tiên SV các trường: Bách Khoa, Bưu chính viễn thông, ĐH Quốc gia)
Hiểu biết về Java Core/Java Web; biết Spring, Hibernate, Angular, NodeJS...",https://www.topcv.vn/viec-lam/thuc-tap-sinh-java/1944285.html?ta_source=JobSearchList_LinkDetail&u_sr_id=KW0jG5PoPB9RO7JaQsbFxWiZIMpIIPGMGZFxboiO_1763294589
Nhân Viên IT - IT Helpdesk - Thu Nhập Hấp Dẫn,support,"Yêu cầu ứng viên

- Tốt nghiệp cao đẳng trở lên chuyên ngành công nghệ thông tin, điện tử viễn thông.

- Ít nhất 1 năm kinh nghiệm IT Helpdesk, IT Support.

- Có kinh nghiệm làm việc với Windows, Micr...",https://www.topcv.vn/viec-lam/nhan-vien-it-it-helpdesk-thu-nhap-hap-dan/1869572.html?ta_source=JobSearchList_LinkDetail&u_sr_id=KW0jG5PoPB9RO7JaQsbFxWiZIMpIIPGMGZFxboiO_1763294585
Nhân Viên Phân Tích Nghiệp Vụ (Business Analyst),"figma, tiếng anh, ba, miro, erp, agile, scrum","Yêu cầu ứng viên
Tốt nghiệp chuyên ngành CNTT, Toán tin ứng dụng, Kinh tế hoặc các ngành liên quan.
Có tối thiểu 01 năm kinh nghiệm làm BA hoặc tương đương.
Hiểu biết về quy trình phát triển phần mềm ...",https://www.topcv.vn/viec-lam/nhan-vien-phan-tich-nghiep-vu-business-analyst/1939971.html?ta_source=JobSearchList_LinkDetail&u_sr_id=KW0jG5PoPB9RO7JaQsbFxWiZIMpIIPGMGZFxboiO_1763294585
DE (Good Eng),"gcp, python, sql, databricks, aws, data warehouse, git, elt, azure, mysql, sql server, etl, english, postgresql","Yêu cầu ứng viên

• Bachelor’s degree in Data Science, Business Analytics, IT, or related fields
• Minimum 3 years of experience in data engineering roles
• Strong proficiency in Python (data processi...",https://www.topcv.vn/viec-lam/de-good-eng/1905129.html?ta_source=JobSearchList_LinkDetail&u_sr_id=KW0jG5PoPB9RO7JaQsbFxWiZIMpIIPGMGZFxboiO_1763294603
Java Developer,"kafka, apache, linux, activemq, docker, rabbitmq, java, k8s","Yêu cầu ứng viên
Thành thạo Java.
Nắm rất vững lập trình hướng đối tượng, Design Pattern.
Có kinh nghiệm về unit test và integration test.
Hiểu về lập trình đa luồng, non-blocking IO, xử lý bất đồng b...",https://www.topcv.vn/viec-lam/java-developer/1929062.html?ta_source=JobSearchList_LinkDetail&u_sr_id=KW0jG5PoPB9RO7JaQsbFxWiZIMpIIPGMGZFxboiO_1763294594
Kỹ Sư Tự Động Hóa - Lập Trình Machine Vision,"c++, python","Yêu cầu ứng viên

- Kinh nghiệm: Ứng viên Fresher/ mới ra trường/ đang chờ bằng/ dưới 1 năm kinh nghiệm (Có nhận thực tập sinh);

- Đối với ứng viên Fresher khu vực Hồ Chí Minh yêu cầu đào tạo, làm vi...",https://www.topcv.vn/viec-lam/ky-su-tu-dong-hoa-lap-trinh-machine-vision/1951998.html?ta_source=JobSearchList_LinkDetail&u_sr_id=KW0jG5PoPB9RO7JaQsbFxWiZIMpIIPGMGZFxboiO_1763294599
Manual Tester (Tiếng Nhật Từ N3),"sql, api, testing, n3, tiếng nhật, n2","Yêu cầu ứng viên
Có từ 2 năm kinh nghiệm trong nghiệp vụ testing với web/mobile app
Tiếng Nhật N3, N2
Hiểu biết về các giai đoạn kiểm thử (Unit Test, Integration Test, System Test, Acceptance Test,…) ...",https://www.topcv.vn/viec-lam/manual-tester-tieng-nhat-tu-n3/1919546.html?ta_source=JobSearchList_LinkDetail&u_sr_id=KW0jG5PoPB9RO7JaQsbFxWiZIMpIIPGMGZFxboiO_1763294571
Senior React Native Developer,"restful, proactive, support, crm, react native, git, ci/cd, communication, react","Yêu cầu ứng viên

1, Technical Skills:
- 4–5 years of experience in React Native;
- Strong understanding of RESTful APIs, WebSocket, push notification systems, and VoIP SDKs (CallKit, Agora, Twilio, e...",https://www.topcv.vn/viec-lam/senior-react-native-developer/1949094.html?ta_source=JobSearchList_LinkDetail&u_sr_id=KW0jG5PoPB9RO7JaQsbFxWiZIMpIIPGMGZFxboiO_1763294585
Giảng Viên IT,"html, python, laravel, css, angular, sáng tạo, php, nodejs, windows server, c#, javascript, android, java, reactjs","Yêu cầu ứng viên
Tốt nghiệp Đại học trở lên các chuyên ngành thuộc khối Công nghệ thông tin (Khoa học máy tính, Kĩ thuật phần mềm, Hệ thống thông tin, Điện tử - Viễn thông,...)
Có kiến thức chuyên môn...",https://www.topcv.vn/viec-lam/giang-vien-it/1918500.html?ta_source=JobSearchList_LinkDetail&u_sr_id=KW0jG5PoPB9RO7JaQsbFxWiZIMpIIPGMGZFxboiO_1763294571
Nhân Viên Tư Vấn/ Sale Online/ Chăm Sóc Khách Hàng (Game) - Thu Nhập Hấp Dẫn,"giao tiếp, tiếng anh","Yêu cầu ứng viên

- Giao tiếp tiếng Anh cơ bản

- Khả năng giao tiếp tốt

- Ưu tiên ứng viên dưới 27 tuổi

- Thời gian làm việc lịch sẽ được công ty sắp xếp:

Làm việc theo ca, tại công ty (không làm ...",https://www.topcv.vn/viec-lam/nhan-vien-tu-van-sale-online-cham-soc-khach-hang-game-thu-nhap-hap-dan/1662973.html?ta_source=JobSearchList_LinkDetail&u_sr_id=KW0jG5PoPB9RO7JaQsbFxWiZIMpIIPGMGZFxboiO_1763294565
Software Engineer (Python/PHP/JavaScript/ AI Automation),"restful, python, ux, ui, sql, linux, api, ml, tiếng anh, php, ba, javascript, ci/cd, chủ động, giải quyết vấn đề","Yêu cầu ứng viên

ĐIỀU KIỆN CẦN:
• Chúng tôi tìm kiếm những người có tư duy ""problem-solver"" hơn là chỉ ""coder"".
• Về chuyên môn:
✓ Có kinh nghiệm từ 1 năm trở lên với ít nhất một trong các ngôn ngữ l...",https://www.topcv.vn/viec-lam/software-engineer-python-php-javascript-ai-automation/1950098.html?ta_source=JobSearchList_LinkDetail&u_sr_id=KW0jG5PoPB9RO7JaQsbFxWiZIMpIIPGMGZFxboiO_1763294585
Fresher IT Comtor (Japanese),"giao tiếp, tiếng nhật, n2","Yêu cầu ứng viên

Thành thạo 4 kỹ năng tiếng Nhật: đọc, nói, nghe, viết.
Trình độ tiếng Nhật tương đương N2
Yêu thích làm việc trong ngành công nghệ thông tin và có niềm yêu thích sâu sắc với văn hóa ...",https://www.topcv.vn/viec-lam/fresher-it-comtor-japanese/1896120.html?ta_source=JobSearchList_LinkDetail&u_sr_id=KW0jG5PoPB9RO7JaQsbFxWiZIMpIIPGMGZFxboiO_1763294599
Nhân Viên Lập Trình Fullstack,"restful, node.js, nestjs, sql, express, giao tiếp, api, tiếng anh, mysql, chủ động, giải quyết vấn đề, postgresql","Yêu cầu ứng viên
Tốt nghiệp Đại học/cao đẳng các chuyên ngành Công nghệ thông tin, Khoa học máy tính, Điện tử viễn thông, Công nghệ phần mềm, Hệ thống thông tin...
Độ tuổi từ 23–30 tuổi.
Tối thiểu 1 -...",https://www.topcv.vn/viec-lam/nhan-vien-lap-trinh-fullstack/1897240.html?ta_source=JobSearchList_LinkDetail&u_sr_id=KW0jG5PoPB9RO7JaQsbFxWiZIMpIIPGMGZFxboiO_1763294589
Backend Engineer,"kotlin, restful, spring, laravel, spring boot, api, linux, firebase, docker, php, git, jwt, ubuntu, giải quyết vấn đề","Yêu cầu ứng viên

Yêu cầu bắt buộc:
• Tốt nghiệp ĐH/CĐ chuyên ngành CNTT hoặc tương đương
• Có ít nhất 3 năm thực tế lập trình Backend, Triển khai và quản trị
• Thành thạo PHP (Laravel hoặc Lumen), Sp...",https://www.topcv.vn/viec-lam/backend-engineer/1946752.html?ta_source=JobSearchList_LinkDetail&u_sr_id=KW0jG5PoPB9RO7JaQsbFxWiZIMpIIPGMGZFxboiO_1763294571
Project Manager (System),"gcp, aws, vmware, azure, english","Yêu cầu ứng viên

Skills and Experience:

At least 5 years of experience as a project manager specializing in Infrastructure delivery projects
Possesses technical expertise in VMWare, Cloud services (...",https://www.topcv.vn/viec-lam/project-manager-system/1949205.html?ta_source=JobSearchList_LinkDetail&u_sr_id=KW0jG5PoPB9RO7JaQsbFxWiZIMpIIPGMGZFxboiO_1763294607
"Middle .Net (Từ 3 Năm Kinh Nghiệm, Offer 20-30tr/Tháng)","tư duy logic, angular, giải quyết vấn đề","Yêu cầu ứng viên
Có kinh nghiệm ít nhất 3-4 năm trong các vai trò phát triển phần mềm.
Thành thạo lập trình Backend với Netcore, lập trình Frontend với Angular.
Thành thạo thiết kế, truy vấn và tối ưu...",https://www.topcv.vn/brand/softdreams/tuyen-dung/middle-net-tu-3-nam-kinh-nghiem-offer-20-30tr-thang-j1951820.html?ta_source=JobSearchList_LinkDetail&u_sr_id=KW0jG5PoPB9RO7JaQsbFxWiZIMpIIPGMGZFxboiO_1763294571
Kỹ Sư Robotics/Phát Triển Giao Diện Người Dùng GUI,"giao tiếp, opencv, api, c++","Yêu cầu ứng viên

• Bằng cử nhân ngành Khoa học Máy tính, Robotics hoặc các ngành liên quan.
• Tối thiểu 3 năm kinh nghiệm phát triển phần mềm với C++.
• Thành thạo framework Qt, bao gồm cả Qt 3D.
• C...",https://www.topcv.vn/viec-lam/ky-su-robotics-phat-trien-giao-dien-nguoi-dung-gui/1871827.html?ta_source=JobSearchList_LinkDetail&u_sr_id=KW0jG5PoPB9RO7JaQsbFxWiZIMpIIPGMGZFxboiO_1763294616
[MIDDLE] Backend Developer,"gcp, spring boot, devops, azure, go, ci/cd, gitlab, spring, python, sql, express, microservices, api, tiếng anh, docker, java, mysql, mongodb, node.js, git, sqs, postgresql, nestjs, kubernetes, jenkins, kafka, giao tiếp, github actions, aws, redis, github, rabbitmq, .net, giải quyết vấn đề","Yêu cầu ứng viên
Kinh nghiệm 3 – 5 năm phát triển backend; có trải nghiệm sở hữu dịch vụ chạy production.
Thành thạo Node.js và ít nhất 01 ngôn ngữ backend khác (Java/Go/.NET/Python); hiểu runtime, co...",https://www.topcv.vn/viec-lam/middle-backend-developer/1902199.html?ta_source=JobSearchList_LinkDetail&u_sr_id=KW0jG5PoPB9RO7JaQsbFxWiZIMpIIPGMGZFxboiO_1763294594
Lập Trình Viên AI,"c++, tensorflow, python, pytorch, giao tiếp, sáng tạo, r, machine learning, deep learning, computer vision, java","Yêu cầu ứng viên

- Tốt nghiệp đại học chuyên ngành Công nghệ thông tin hoặc các chuyên ngành khác am hiểu về Lập trình AI;
- Kỹ năng về phần mềm máy tính, khoa học dữ liệu, Machine learning, Deep Lea...",https://www.topcv.vn/viec-lam/lap-trinh-vien-ai/1331229.html?ta_source=JobSearchList_LinkDetail&u_sr_id=KW0jG5PoPB9RO7JaQsbFxWiZIMpIIPGMGZFxboiO_1763294589
Chuyên Viên Quản Trị Hệ Thống,"nagios, python, sql, unix, linux, php, vmware, oracle, windows server, bash, chủ động, perl, zabbix","Yêu cầu ứng viên
Tốt nghiệp các trường: Đại Học Bách Khoa, HV Công Nghệ Bưu Chính Viễn Thông, HV Kỹ Thuật Mật Mã, Đại Học Quốc Gia....chuyên ngành CNTT, điện tử viễn thông, khoa học máy tính....và các...",https://www.topcv.vn/viec-lam/chuyen-vien-quan-tri-he-thong/1884416.html?ta_source=JobSearchList_LinkDetail&u_sr_id=KW0jG5PoPB9RO7JaQsbFxWiZIMpIIPGMGZFxboiO_1763294612
Manual Tester,"ngân hàng, confluence, banking, swift, jira, agile, scrum, tài chính","Yêu cầu ứng viên
Có từ 4 năm kinh nghiệm làm việc thực tế tại các công ty, dự án về vị trí kiểm thử phần mềm lĩnh vực Mobile App/Web/APICó kiến thức về quy trình kiểm thử phần mềm và các phương pháp, ...",https://www.topcv.vn/viec-lam/manual-tester/1548913.html?ta_source=JobSearchList_LinkDetail&u_sr_id=KW0jG5PoPB9RO7JaQsbFxWiZIMpIIPGMGZFxboiO_1763294607
Chuyên Viên Business Analyst (BA)/ Phân Tích Nghiệp Vụ (2 Năm Kinh Nghiệm),"figma, giao tiếp, sáng tạo, ba, quản lý thời gian, thuyết trình, làm việc nhóm, giải quyết vấn đề","Yêu cầu ứng viên

- Tốt nghiệp Cao đẳng/ Đại học chuyên ngành Công nghệ thông tin, Kinh tế hoặc
- Có kinh nghiệm làm BA từ 2 năm trở lên.
- Kỹ năng giao tiếp, làm việc nhóm và thuyết trình ý tưởng hiệ...",https://www.topcv.vn/viec-lam/chuyen-vien-business-analyst-ba-phan-tich-nghiep-vu-2-nam-kinh-nghiem/1535691.html?ta_source=JobSearchList_LinkDetail&u_sr_id=KW0jG5PoPB9RO7JaQsbFxWiZIMpIIPGMGZFxboiO_1763294565
IOS Developer,"ios, ux, cv, giao tiếp, ui, rest, ui/ux, swift, json, chủ động, sqlite, objective-c","Yêu cầu ứng viên
Tốt nghiệp đại học hệ chính quy chuyên ngành CNTT, Toán tin, Công nghệ phần mềm, ĐTVT hoặc tương đương.
Có kinh nghiệm lập trình iOS native từ 3 năm trở lên
Thành thao Swift, ưu tiên ...",https://www.topcv.vn/viec-lam/ios-developer/1831112.html?ta_source=JobSearchList_LinkDetail&u_sr_id=KW0jG5PoPB9RO7JaQsbFxWiZIMpIIPGMGZFxboiO_1763294607
Tester Leader,"scrum, api, agile","Yêu cầu ứng viên

- Có ít nhất 2 năm kinh nghiệm tại vị trí tương đương
- Nắm vững quy trình kiểm thử phần mềm.
- Hiểu quy trình phát triển sản phẩm công nghệ (Agile, Scrum)
- Có kinh nghiệm kiểm thử ...",https://www.topcv.vn/viec-lam/tester-leader/1952627.html?ta_source=JobSearchList_LinkDetail&u_sr_id=KW0jG5PoPB9RO7JaQsbFxWiZIMpIIPGMGZFxboiO_1763294599
Chuyên Viên Quản Lý Chất Lượng (QA),"azure, aws","Yêu cầu ứng viên

5.Trình độ & chứng chỉ
- Có 3 năm kinh nghiệm trở lên
- Ưu tiên chứng chỉ: ISTQB FL/AL, ITIL Foundation, AWS/Azure Fundamentals, AIIM/ECM, Network+/CCNA.

-Tốt nghiệp đại học trở lên...",https://www.topcv.vn/viec-lam/chuyen-vien-quan-ly-chat-luong-qa/1768429.html?ta_source=JobSearchList_LinkDetail&u_sr_id=KW0jG5PoPB9RO7JaQsbFxWiZIMpIIPGMGZFxboiO_1763294607
Mobile Developer Kotlin - Junior Level (Android/ Product)-Lương Upto 25.000.000đ- Hà Nội- Đi Làm Luôn,"kotlin, android, java, tư duy logic","Yêu cầu ứng viên
Có kinh nghiệm từ 2 năm trở lên trong phát triển ứng dụng di động.
Nắm rõ Lập trình hướng đối tượng (OOP), Cấu trúc dữ liệu và Giải thuật.
Ngôn ngữ lập trình: Thành thạo ít nhất một t...",https://www.topcv.vn/viec-lam/mobile-developer-kotlin-junior-level-android-product-luong-upto-25-000-000d-ha-noi-di-lam-luon/1781998.html?ta_source=JobSearchList_LinkDetail&u_sr_id=KW0jG5PoPB9RO7JaQsbFxWiZIMpIIPGMGZFxboiO_1763294571
Blockchain Developer,"git, logical thinking, english, nodejs","Yêu cầu ứng viên

REQUIREMENTS

Must have:

Having at least 1 years of experience in developing and releasing secure and production smart contracts in Solidity, NodeJs and Hardhat.
Have strong knowled...",https://www.topcv.vn/viec-lam/blockchain-developer/1911430.html?ta_source=JobSearchList_LinkDetail&u_sr_id=KW0jG5PoPB9RO7JaQsbFxWiZIMpIIPGMGZFxboiO_1763294594
Business Analyst (Tiếng Nhật),"giao tiếp, ba, tiếng nhật, n2","Yêu cầu ứng viên

Từ 3 năm kinh nghiệm BA.
Có kinh nghiệm làm các tài liệu: Basic Design, Detail Design, Database Design.
Có kinh nghiệm làm dự án outsource ở thị trường Nhật.
Có Tiếng Nhật từ N2, gia...",https://www.topcv.vn/viec-lam/business-analyst-tieng-nhat/1945645.html?ta_source=JobSearchList_LinkDetail&u_sr_id=KW0jG5PoPB9RO7JaQsbFxWiZIMpIIPGMGZFxboiO_1763294616
Chuyên Viên Kiểm Thử Phần Mềm,"postman, sql, confluence, api, jira, json, agile, scrum, tài chính","Yêu cầu ứng viên
Tốt nghiệp Đại học chuyên ngành Công nghệ thông tin hoặc các chuyên ngành liên quan, ưu tiên ứng viên tốt nghiệp từ các trường: ĐH Bách Khoa, ĐH Công nghệ-ĐHQGHN, FPT, Bưu Chính Viễn ...",https://www.topcv.vn/viec-lam/chuyen-vien-kiem-thu-phan-mem/1952925.html?ta_source=JobSearchList_LinkDetail&u_sr_id=KW0jG5PoPB9RO7JaQsbFxWiZIMpIIPGMGZFxboiO_1763294599
Trưởng Nhóm Phân Tích Nghiệp Vụ (Leader BA),"phân tích nghiệp vụ, figma, ux, ui, ui/ux, ba, chủ động, làm việc nhóm","Yêu cầu ứng viên
Tốt nghiệp chuyên ngành CNTT, Hệ thống thông tin, hoặc các ngành liên quan.
Tối thiểu 5 năm kinh nghiệm BA, ưu tiên đã làm Leader hoặc Team Lead.
Ưu tiên ứng viên thuộc độ tuổi 9x_phù...",https://www.topcv.vn/viec-lam/truong-nhom-phan-tich-nghiep-vu-leader-ba/1704185.html?ta_source=JobSearchList_LinkDetail&u_sr_id=KW0jG5PoPB9RO7JaQsbFxWiZIMpIIPGMGZFxboiO_1763294612
Lập Trình Viên Front End Thu Nhập Lên Đến 25 Triệu,"css, wordpress, json, scss, làm việc nhóm, tailwindcss, reactjs, restful, nextjs, api, php, javascript, agile, scrum, figma, css3, adobe xd, laravel, git, html5, postman, nestjs, bootstrap, nodejs, sketch, vuejs, github","Yêu cầu ứng viên

Bắt buộc

Có từ 1–3 năm kinh nghiệm phát triển web front-end.
Thành thạo HTML5, CSS3, JavaScript (ES6+).
Kinh nghiệm với ít nhất 1 framework: ReactJS, VueJS, hoặc NextJS/NuxtJS.
Có k...",https://www.topcv.vn/viec-lam/lap-trinh-vien-front-end-thu-nhap-len-den-25-trieu/1946339.html?ta_source=JobSearchList_LinkDetail&u_sr_id=KW0jG5PoPB9RO7JaQsbFxWiZIMpIIPGMGZFxboiO_1763294585
AI_Natural Language Processing Engineer,"chinese, nlp, natural language processing, keras, python, docker, mysql, postgres, tensorflow, git, english, communication, llm, c++, proactive, pytorch, kafka, redis, c, rabbitmq","Yêu cầu ứng viên

Hard Skills Requirements:

Bachelor's or Master's degree in Computer Science or related fields.
At least 2 years of experience in the field of Natural Language Processing (NLP).
Prof...",https://www.topcv.vn/viec-lam/ai-natural-language-processing-engineer/1946761.html?ta_source=JobSearchList_LinkDetail&u_sr_id=KW0jG5PoPB9RO7JaQsbFxWiZIMpIIPGMGZFxboiO_1763294612
"Backend Java Developer (Springboot, SQL, Eclipse RCP)","restful, spring, kubernetes, sql, microservices, spring boot, devops, english, docker, mysql, agile, ci/cd, scrum, java, communication, postgresql","Yêu cầu ứng viên

[Required]

Bachelor’s degree in computer science, Software Engineering, or a related field.
3+ years of experience in Java back-end development.
Strong hands-on experience with Spri...",https://www.topcv.vn/viec-lam/backend-java-developer-springboot-sql-eclipse-rcp/1730867.html?ta_source=JobSearchList_LinkDetail&u_sr_id=KW0jG5PoPB9RO7JaQsbFxWiZIMpIIPGMGZFxboiO_1763294576
Lập Trình Viên Frontend Tại Quận 3 TPHCM (Có Thể Thương Lượng Remote),"laravel, react","Yêu cầu ứng viên
Tốt nghiệp chuyên ngành CNTT/Toán Tin các trường đại học kỹ thuật
Có ít nhất 3 năm kinh nghiệm lập trình các hệ thống Web sử dụng các framework Next JS/React JS
Đã từng làm việc với f...",https://www.topcv.vn/viec-lam/lap-trinh-vien-frontend-tai-quan-3-tphcm-co-the-thuong-luong-remote/1949892.html?ta_source=JobSearchList_LinkDetail&u_sr_id=KW0jG5PoPB9RO7JaQsbFxWiZIMpIIPGMGZFxboiO_1763294580
Intern Java Dev Fulltime,"cv, java, tiếng anh","Yêu cầu ứng viên

- Đang chờ bằng hoặc tốt nghiệp chuyên ngành CNTT các trường HUST, PTIT, UET
- Nắm vững kiến thức nền tảng về Java, hiểu biết về core java
- Ưu tiên các bạn có kinh nghiệm về Java ph...",https://www.topcv.vn/viec-lam/intern-java-dev-fulltime/1952742.html?ta_source=JobSearchList_LinkDetail&u_sr_id=KW0jG5PoPB9RO7JaQsbFxWiZIMpIIPGMGZFxboiO_1763294589
Manual Tester (App),"ios, postman, api, swagger, tư duy logic, android","Yêu cầu ứng viên
Tốt nghiệp ngành CNTT hoặc tương tự.
Có ít nhất từ 2 năm kinh nghiệm trong lĩnh vực kiểm thử. Ưu tiên đã có kinh nghiệm Mobile App
Am hiểu về nền tảng Android, IOS và thị trường app.
...",https://www.topcv.vn/viec-lam/manual-tester-app/1951693.html?ta_source=JobSearchList_LinkDetail&u_sr_id=KW0jG5PoPB9RO7JaQsbFxWiZIMpIIPGMGZFxboiO_1763294580
Thực Tập Sinh Manual Tester,"giao tiếp, tư duy logic, tiếng anh","Yêu cầu ứng viên
Kiến thức:
Nắm vững các khái niệm cơ bản về kiểm thử phần mềm (test case, test scenario, bug report,...)
Hiểu rõ quy trình phát triển phần mềm
Có kiến thức nền tảng về IT là một lợi t...",https://www.topcv.vn/viec-lam/thuc-tap-sinh-manual-tester/1564525.html?ta_source=JobSearchList_LinkDetail&u_sr_id=KW0jG5PoPB9RO7JaQsbFxWiZIMpIIPGMGZFxboiO_1763294612
"Thực Tập Sinh IT, Lập Trình Frontend","chủ động, làm việc nhóm, tư duy logic","Yêu cầu ứng viên
Sinh viên năm 3, 4 đang trong thời gian thực tập hoặc đang chờ bằng; Sinh viên mới ra trường, sinh viên năm cuối Cao đẳng, Đại học chuyên ngành Công nghệ thông tin (phần mềm, thiết kế...",https://www.topcv.vn/viec-lam/thuc-tap-sinh-it-lap-trinh-frontend/1649132.html?ta_source=JobSearchList_LinkDetail&u_sr_id=KW0jG5PoPB9RO7JaQsbFxWiZIMpIIPGMGZFxboiO_1763294580
"Backend Developer (Python, Senior Level) Upto 40M","gcp, azure, ci/cd, làm việc nhóm, restful, python, api, docker, mysql, bash, tư duy logic, linux, chủ động, postgresql, llm, kubernetes, giao tiếp, kafka, aws, rabbitmq, giải quyết vấn đề","Yêu cầu ứng viên
Tốt nghiệp Đại học chuyên ngành công nghệ thông tin hoặc liên quan
Có kinh nghiệm ít nhất 2-3 năm với Python, có kiến thức vững và thành thạo
Có kinh nghiệm làm việc với các hệ thống ...",https://www.topcv.vn/viec-lam/backend-developer-python-senior-level-upto-40m/1785633.html?ta_source=JobSearchList_LinkDetail&u_sr_id=KW0jG5PoPB9RO7JaQsbFxWiZIMpIIPGMGZFxboiO_1763294612
Fullstack Developer,"soap, flask, devops, prometheus, angular, spring boot, json, typescript, webpack, grafana, hibernate, spring, kế toán, sql, microservices, activemq, docker, selenium, oracle, mysql, rabbitmq, sqlite, mongodb, django, git, ngân hàng, kubernetes, jenkins, kafka, rest, redis, sql server, fastapi, java","Yêu cầu ứng viên
Tốt nghiệp đại học hoặc có bằng cấp chứng chỉ chuyên ngành CNTT
Kinh nghiệm về ngôn ngữ lập trình thông dụng như Java
Kinh nghiệm về framework và thư viện như: Spring boot, Hibernate,...",https://www.topcv.vn/viec-lam/fullstack-developer/1946059.html?ta_source=JobSearchList_LinkDetail&u_sr_id=KW0jG5PoPB9RO7JaQsbFxWiZIMpIIPGMGZFxboiO_1763294616
Frontend Leader (Reactjs),"html, communication, support, jest, css, english, testing, mocha, react, git, react.js, typescript, javascript, next.js, chai, leadership","Yêu cầu ứng viên
Experience: Minimum of 5 years of frontend development experience, with at least 2 years in a leadership or management role.
Good at English communication, with the ability to work ef...",https://www.topcv.vn/viec-lam/frontend-leader-reactjs/1852826.html?ta_source=JobSearchList_LinkDetail&u_sr_id=KW0jG5PoPB9RO7JaQsbFxWiZIMpIIPGMGZFxboiO_1763294616
Business Analyst (Domain Bank),"ngân hàng, triển khai phần mềm, tiếng anh, ba, oracle, mysql, chủ động, tài chính","Yêu cầu ứng viên
Tối thiểu 3 năm kinh nghiệm kinh nghiệm tham gia vào các dự án triển khai phần mềm với vai trò BA
Ưu tiên Tốt nghiệp Đại học tại các trường Đại học chính quy trong nước hay nước ngoài...",https://www.topcv.vn/viec-lam/business-analyst-domain-bank/1930113.html?ta_source=JobSearchList_LinkDetail&u_sr_id=KW0jG5PoPB9RO7JaQsbFxWiZIMpIIPGMGZFxboiO_1763294612
Lập Trình Viên Java (Finance),"html, css, spring boot, ci/cd, làm việc nhóm, hibernate, restful, spring, sql, api, docker, javascript, agile, vue.js, jira, git, red hat, giao tiếp, vue, openshift, java, giải quyết vấn đề, react","Yêu cầu ứng viên
Tốt nghiệp Đại học trở lên các chuyên ngành Công nghệ thông tin.
Tối thiểu 2 năm kinh nghiệm phát triển ứng dụng Java Web.
Thành thạo với Java, Spring, Spring Boot, Hibernate, và phát...",https://www.topcv.vn/viec-lam/lap-trinh-vien-java-finance/1607013.html?ta_source=JobSearchList_LinkDetail&u_sr_id=KW0jG5PoPB9RO7JaQsbFxWiZIMpIIPGMGZFxboiO_1763294585
Lập Trình Viên PHP,"restful, jquery, html, laravel, bootstrap, teamwork, api, xml, css, tiếng anh, php, git, github, json, javascript, svn, llm","Yêu cầu ứng viên
Tốt nghiệp Cao đẳng, Đại học chuyên ngành công nghệ thông tin.
Tham gia phát triển các hệ thống trên nền tảng PHP;
Có kinh nghiệm ít nhất 2 năm với một trong các Framework PHP: Larave...",https://www.topcv.vn/viec-lam/lap-trinh-vien-php/828742.html?ta_source=JobSearchList_LinkDetail&u_sr_id=KW0jG5PoPB9RO7JaQsbFxWiZIMpIIPGMGZFxboiO_1763294580
SAP Consultant (MM),"erp, english, communication, sap","Yêu cầu ứng viên
Bachelor's degree in Business, IT or related field.
1 - 4 years of experience with SAP MM implementations.
Working knowledge of SAP MM core modules.
Familiarity with ERP systems and M...",https://www.topcv.vn/viec-lam/sap-consultant-mm/1951249.html?ta_source=JobSearchList_LinkDetail&u_sr_id=KW0jG5PoPB9RO7JaQsbFxWiZIMpIIPGMGZFxboiO_1763294603
"Trưởng Nhóm Lập Trình PLC, Điện Tự Động Hóa","c++, python","Yêu cầu ứng viên

- Có kinh nghiệm trực tiếp thiết kế máy tự động hóa cho các Công ty làm máy hoặc Công ty FDI (ngành điện, điện tử, bán dẫn...), đặc biệt các máy yêu cầu độ chính xác cao (kết hợp rob...",https://www.topcv.vn/viec-lam/truong-nhom-lap-trinh-plc-dien-tu-dong-hoa/1472111.html?ta_source=JobSearchList_LinkDetail&u_sr_id=KW0jG5PoPB9RO7JaQsbFxWiZIMpIIPGMGZFxboiO_1763294603
Junior Sales IT,"giao tiếp, figma, tiếng anh, chủ động","Yêu cầu ứng viên

- Giao tiếp nói chuyện mạch lạc, chủ động, nhanh nhẹn, nhiệt tình và khả năng làm việc giữa các team tốt, hiểu cơ bản về quy trình bán hàng
- Khả năng tư duy tốt và trình bày vấn đề ...",https://www.topcv.vn/viec-lam/junior-sales-it/1876946.html?ta_source=JobSearchList_LinkDetail&u_sr_id=KW0jG5PoPB9RO7JaQsbFxWiZIMpIIPGMGZFxboiO_1763294616
Project Manager,"ui, giao tiếp, ux, ui/ux, tiếng anh, notion, jira, agile, chủ động, scrum, tư duy logic","Yêu cầu ứng viên
Có tối thiểu 1 năm kinh nghiệm trong vai trò Project Coordinator trong lĩnh vực phần mềm, công nghệ thông tin hoặc tương tự.
Hiểu biết về quy trình phát triển phần mềm theo Agile/Scru...",https://www.topcv.vn/viec-lam/project-manager/1951918.html?ta_source=JobSearchList_LinkDetail&u_sr_id=KW0jG5PoPB9RO7JaQsbFxWiZIMpIIPGMGZFxboiO_1763294594
Quản Trị Dự Án - PM,"giao tiếp, sáng tạo, tiếng anh, jira, quản lý thời gian, làm việc nhóm","Yêu cầu ứng viên
Trình độ: Tốt nghiệp Đại học chuyên ngành CNTT hoặc tương đương, các chuyên nghành có liên quan khác
Kinh nghiệm: Tối thiểu 3 năm kinh nghiệm tại vị trí PM
Ngoại ngữ: Ưu tiên tiếng an...",https://www.topcv.vn/viec-lam/quan-tri-du-an-pm/1950003.html?ta_source=JobSearchList_LinkDetail&u_sr_id=KW0jG5PoPB9RO7JaQsbFxWiZIMpIIPGMGZFxboiO_1763294580
IT Helpdesk/IT Support- Tiếng Anh Cơ Bản,tiếng anh,"Yêu cầu ứng viên
Tốt nghiệp Đại học chuyên nghành công nghệ thông tin, máy tính
Có kinh nghiệm hai năm trong lĩnh vực công nghệ thông tin trong các công ty sản xuất.
Tiếng anh thành thạo
Khả năng phân...",https://www.topcv.vn/viec-lam/it-helpdesk-it-support-tieng-anh-co-ban/1947244.html?ta_source=JobSearchList_LinkDetail&u_sr_id=KW0jG5PoPB9RO7JaQsbFxWiZIMpIIPGMGZFxboiO_1763294607
Nhân Viên IT (IT Helpdesk/ IT Support) - Lương 15 - 20 Triệu,windows server,"Yêu cầu ứng viên

- Tốt nghiệp Cao đẳng/Đại học chuyên ngành Công nghệ Thông tin, Mạng máy tính, Hệ thống thông tin hoặc tương đương.

- Tối thiểu 02 năm kinh nghiệm trong lĩnh vực quản trị hệ thống, ...",https://www.topcv.vn/viec-lam/nhan-vien-it-it-helpdesk-it-support-luong-15-20-trieu/1946017.html?ta_source=JobSearchList_LinkDetail&u_sr_id=KW0jG5PoPB9RO7JaQsbFxWiZIMpIIPGMGZFxboiO_1763294589
Intern C/C++ Developer,"c++, proactive, grpc, wpf, c, mysql, sqlite, c#, communication, postgresql","Yêu cầu ứng viên

Final year student or recent graduate majoring in Information Technology
Full-time internship and work full time after internship

Experience in C/C++ (strong understanding of pointe...",https://www.topcv.vn/viec-lam/intern-c-c-developer/1938943.html?ta_source=JobSearchList_LinkDetail&u_sr_id=KW0jG5PoPB9RO7JaQsbFxWiZIMpIIPGMGZFxboiO_1763294585
"Account Manager (SMB/SME)/ Nhân Viên Kinh Doanh Dự Án (Lương + Thưởng Từ 15-30 Triệu) Tại Hồ Chí Minh, Đi Làm Ngay",giao tiếp,"Yêu cầu ứng viên
Nam/nữ, tuổi từ 24 - 45, ngoại hình ưa nhìn, giao tiếp tự tin.
Tốt nghiệp Cao đẳng trở lên chuyên ngành Kinh tế hoặc các ngành liên quan.
Có kinh nghiệm trong lĩnh vực kinh doanh dự á...",https://www.topcv.vn/viec-lam/account-manager-smb-sme-nhan-vien-kinh-doanh-du-an-luong-thuong-tu-15-30-trieu-tai-ho-chi-minh-di-lam-ngay/1942926.html?ta_source=JobSearchList_LinkDetail&u_sr_id=KW0jG5PoPB9RO7JaQsbFxWiZIMpIIPGMGZFxboiO_1763294565
Middle Back End Developer (Java),"spring, ui, sql, openapi, spring boot, aws, php, git, scrum, java, english, react","Yêu cầu ứng viên

Must

This level able to develop under the direction of the Lead Engineer

・Willingness to develop and improve services with the sense of ownership

・Experience development web appli...",https://www.topcv.vn/viec-lam/middle-back-end-developer-java/1914108.html?ta_source=JobSearchList_LinkDetail&u_sr_id=KW0jG5PoPB9RO7JaQsbFxWiZIMpIIPGMGZFxboiO_1763294594
Nhân Viên Quản Lý Chất Lượng Công Nghệ Thông Tin,"làm việc nhóm, an ninh mạng, bảo mật thông tin","Yêu cầu ứng viên
Tốt nghiệp đại học chuyên ngành: Công nghệ thông tin, Quản lý chất lượng, Bảo mật thông tin, hoặc tương đương.
Có kinh nghiệm từ 1–3 năm trong triển khai hoặc duy trì ISO 27001 (ưu ti...",https://www.topcv.vn/viec-lam/nhan-vien-quan-ly-chat-luong-cong-nghe-thong-tin/1950578.html?ta_source=JobSearchList_LinkDetail&u_sr_id=KW0jG5PoPB9RO7JaQsbFxWiZIMpIIPGMGZFxboiO_1763294603
Mobile Developer Intern (Swift/Kotlin/Flutter),"kotlin, ios, gitlab, restful, figma, flutter, ui, adobe xd, swift, dart, git, github, android, java, english","Yêu cầu ứng viên
Bachelor’s degree (or final-year student) in Information Technology or a related field.
Familiarity with mobile programming languages such as Swift (iOS), Kotlin/Java (Android), or Fl...",https://www.topcv.vn/viec-lam/mobile-developer-intern-swift-kotlin-flutter/1637544.html?ta_source=JobSearchList_LinkDetail&u_sr_id=KW0jG5PoPB9RO7JaQsbFxWiZIMpIIPGMGZFxboiO_1763294585
"Front-End Developer Shopify (Up To $2,000/Month)","css3, graphql, git, typescript, javascript, ci/cd, next.js, html5, english, react","Yêu cầu ứng viên
2–4 years of experience in front-end web development (Shopify preferred).
Solid knowledge of Shopify Liquid, HTML5, CSS3, JavaScript/TypeScript
Hands-on experience with React / Next.j...",https://www.topcv.vn/viec-lam/front-end-developer-shopify-up-to-2-000-month/1948477.html?ta_source=JobSearchList_LinkDetail&u_sr_id=KW0jG5PoPB9RO7JaQsbFxWiZIMpIIPGMGZFxboiO_1763294565
Business Analyst,"giao tiếp, tiếng anh, ba, erp, làm việc nhóm, tư duy logic, giải quyết vấn đề","Yêu cầu ứng viên
Kinh nghiệm: Tối thiểu 3-5 năm kinh nghiệm ở vị trí Business Analysis hoặc các vị trí liên quan.
Kiến thức về Odoo: Ưu tiên ứng viên có kinh nghiệm làm việc với hệ thống Odoo hoặc các...",https://www.topcv.vn/viec-lam/business-analyst/1562963.html?ta_source=JobSearchList_LinkDetail&u_sr_id=KW0jG5PoPB9RO7JaQsbFxWiZIMpIIPGMGZFxboiO_1763294599
Thực Tập Sinh Lập Trình GIS,,"Yêu cầu ứng viên
Tốt nghiệp ĐH chuyên ngành: Công nghệ thông tin và các ngành khác liên quan
Có thể đi làm fulltime
Chịu được áp lực trong công việc
Tinh thần ham học hỏi và chăm chỉ, nhanh nhẹn...",https://www.topcv.vn/viec-lam/thuc-tap-sinh-lap-trinh-gis/1839014.html?ta_source=JobSearchList_LinkDetail&u_sr_id=KW0jG5PoPB9RO7JaQsbFxWiZIMpIIPGMGZFxboiO_1763294603
Fullstack Developer (PHP Or Ruby On Rails),"giải quyết vấn đề, rails, php, chủ động, tư duy logic, ruby on rails, ruby","Yêu cầu ứng viên
Tối thiểu 3 năm kinh nghiệm làm lập trình viên fullstack dựa trên kỹ năng backend bằng PHP hoặc Ruby on Rails
Khả năng phân tích, thiết kế và xây dựng hệ thống
Kinh nghiệm về tự động ...",https://www.topcv.vn/viec-lam/fullstack-developer-php-or-ruby-on-rails/1880899.html?ta_source=JobSearchList_LinkDetail&u_sr_id=KW0jG5PoPB9RO7JaQsbFxWiZIMpIIPGMGZFxboiO_1763294565
Software Engineering Internship Program 2026,"teamwork, english","Yêu cầu ứng viên
3rd or final-year student in IT, Computer Science, Electronics, Mechatronics, or related fields
Official university recommendation letter with stamp (mandatory)
Basic understanding of...",https://www.topcv.vn/viec-lam/software-engineering-internship-program-2026/1932480.html?ta_source=JobSearchList_LinkDetail&u_sr_id=KW0jG5PoPB9RO7JaQsbFxWiZIMpIIPGMGZFxboiO_1763294589
Kỹ Sư Lập Trình Golang,"restful, golang, figma, waterfall, grpc, kafka, microservices, api, tiếng anh, jira, git, scrum, typescript, agile, làm việc nhóm, tư duy logic, giải quyết vấn đề, reactjs","Yêu cầu ứng viên

CHUYÊN MÔN:

- Trình độ học vấn: Tốt nghiệp đại học chuyên ngành Công nghệ thông tin và các chuyên ngành liên quan.

- Có kinh nghiệm tối thiểu 1 năm lập trình Golang hoặc đã từng co...",https://www.topcv.vn/viec-lam/ky-su-lap-trinh-golang/1948472.html?ta_source=JobSearchList_LinkDetail&u_sr_id=KW0jG5PoPB9RO7JaQsbFxWiZIMpIIPGMGZFxboiO_1763294571
System Admin,"sql, crm, linux, erp, tư duy logic, windows server, mysql, sql server, hrm","Yêu cầu ứng viên
Tốt nghiệp Công nghệ thông tin, Hệ thống thông tin, Khoa học máy tính hoặc ngành liên quan.
Có tối thiểu 2 năm kinh nghiệm quản trị hệ thống hoặc phần mềm doanh nghiệp (ERP, HRM, CRM,...",https://www.topcv.vn/viec-lam/system-admin/1950370.html?ta_source=JobSearchList_LinkDetail&u_sr_id=KW0jG5PoPB9RO7JaQsbFxWiZIMpIIPGMGZFxboiO_1763294576
Business Analyst Leader (Từ 1 Năm Kinh Nghiệm),"phân tích nghiệp vụ, giao tiếp, crm, tiếng anh, ba, erp, fintech, agile, scrum, tư duy logic, giải quyết vấn đề","Yêu cầu ứng viên
Tốt nghiệp Đại học chuyên ngành Công nghệ thông tin, Hệ thống thông tin, Kinh tế hoặc Quản trị kinh doanh.
Có ít nhất 1 năm kinh nghiệm quản lý hoặc dẫn dắt nhóm BA.
Có kinh nghiệm là...",https://www.topcv.vn/viec-lam/business-analyst-leader-tu-1-nam-kinh-nghiem/1909059.html?ta_source=JobSearchList_LinkDetail&u_sr_id=KW0jG5PoPB9RO7JaQsbFxWiZIMpIIPGMGZFxboiO_1763294603
Kĩ Thuật Hệ Thống Mạng Và Thiết Bị,"apache, api, linux, docker, nodejs, javascript, tư duy logic, giải quyết vấn đề, llm","Yêu cầu ứng viên

có ít nhất một trong những kỹ năng sau:

Thành thạo Javascript
Làm việc với Nodejs
Làm việc với các API và documentation
LLM Prompting hoặc database embeding vector
System Admin (Lin...",https://www.topcv.vn/viec-lam/ki-thuat-he-thong-mang-va-thiet-bi/1497125.html?ta_source=JobSearchList_LinkDetail&u_sr_id=KW0jG5PoPB9RO7JaQsbFxWiZIMpIIPGMGZFxboiO_1763294612
Game Tester (Fresher/Junior),"ui, giao tiếp, jira, chủ động, làm việc nhóm","Yêu cầu ứng viên
Có kinh nghiệm test từ 6 tháng – 3 năm
Có khả năng đọc hiểu và phân tích tài liệu yêu cầu (spec/PRD).
Suy luận được các tình huống xảy ra trong sản phẩm → thiết kế test case hợp lý.
C...",https://www.topcv.vn/viec-lam/game-tester-fresher-junior/1934405.html?ta_source=JobSearchList_LinkDetail&u_sr_id=KW0jG5PoPB9RO7JaQsbFxWiZIMpIIPGMGZFxboiO_1763294594
Giảng Viên IT,an ninh mạng,"Yêu cầu ứng viên
Trình độ học vấn: Tốt nghiệp Đại học trở lên thuộc các chuyên ngành Công nghệ thông tin, Khoa học máy tính, Kỹ thuật máy tính, An toàn thông tin, An ninh mạng hoặc các chuyên ngành gầ...",https://www.topcv.vn/viec-lam/giang-vien-it/1934682.html?ta_source=JobSearchList_LinkDetail&u_sr_id=KW0jG5PoPB9RO7JaQsbFxWiZIMpIIPGMGZFxboiO_1763294571
Java Software Engineer,"java, english, sql","Yêu cầu ứng viên

Your qualifications and skills

Bachelor’s degree (or higher) in Computer Science or related technological fields.
Several years of professional experience as a software developer.
P...",https://www.topcv.vn/viec-lam/java-software-engineer/1950624.html?ta_source=JobSearchList_LinkDetail&u_sr_id=KW0jG5PoPB9RO7JaQsbFxWiZIMpIIPGMGZFxboiO_1763294585
Business Analyst,"po, qa, giao tiếp, confluence, jira, ba, miro, chủ động, làm việc nhóm, giải quyết vấn đề","Yêu cầu ứng viên
Tốt nghiệp hệ chính quy các Trường Đại học, chuyên ngành đào tạo: Công nghệ thông tin hoặc các chuyên ngành khác, có chứng chỉ ISTQB/BA
Có từ 1,5 năm kinh nghiệm BA
Giao tiếp tốt, có ...",https://www.topcv.vn/viec-lam/business-analyst/1948037.html?ta_source=JobSearchList_LinkDetail&u_sr_id=KW0jG5PoPB9RO7JaQsbFxWiZIMpIIPGMGZFxboiO_1763294576
Business Analyst (Tiếng Nhật),"giao tiếp, confluence, crm, jira, ba, erp, n1, jlpt, agile, scrum, tiếng nhật, e-commerce, n2","Yêu cầu ứng viên
Tốt nghiệp Đại học/Cao đẳng các ngành CNTT, Hệ thống thông tin, Quản trị kinh doanh hoặc liên quan.
Tiếng Nhật: JLPT N2 trở lên (ưu tiên N1), giao tiếp tốt trong môi trường doanh nghi...",https://www.topcv.vn/brand/fptis/tuyen-dung/business-analyst-tieng-nhat-j1838881.html?ta_source=JobSearchList_LinkDetail&u_sr_id=KW0jG5PoPB9RO7JaQsbFxWiZIMpIIPGMGZFxboiO_1763294571
Technical Support Engineer,"communication, sql, support, b2b, sql server, microsoft sql server","Yêu cầu ứng viên
Min Diploma in Information Technology/Computer Science/ Computer Engineering
Preferably > 1 year experience in IT Industry managing large-scale applications support
Strong technical d...",https://www.topcv.vn/viec-lam/technical-support-engineer/1866458.html?ta_source=JobSearchList_LinkDetail&u_sr_id=KW0jG5PoPB9RO7JaQsbFxWiZIMpIIPGMGZFxboiO_1763294580
Chuyên Viên Lập Trình CNC - CNC Programmer,làm việc nhóm,"Yêu cầu ứng viên
Ít nhất 3 năm kinh nghiệm xuất file CNC / Sketchup
3+ năm kinh nghiệm gỗ công nghiệp nội thất
Ưu tiên thành thạo Sketchup, Aspire
Hiểu vật liệu & kỹ thuật thi công nội thất
Ưu tiên tố...",https://www.topcv.vn/viec-lam/chuyen-vien-lap-trinh-cnc-cnc-programmer/1928929.html?ta_source=JobSearchList_LinkDetail&u_sr_id=KW0jG5PoPB9RO7JaQsbFxWiZIMpIIPGMGZFxboiO_1763294603
Chuyên Viên Kiểm Thử Phần Mềm,"appium, selenium, jira, scrum, agile, làm việc nhóm","Yêu cầu ứng viên

Bằng cấp: Kỹ sư phần mềm hoặc lĩnh vực liên quan.

Kinh nghiệm: Tối thiểu 06 tháng làm việc thực tế trong kiểm thử phần mềm

Kỹ năng: Thành thạo công cụ kiểm thử (Selenium, Appium, J...",https://www.topcv.vn/viec-lam/chuyen-vien-kiem-thu-phan-mem/1938171.html?ta_source=JobSearchList_LinkDetail&u_sr_id=KW0jG5PoPB9RO7JaQsbFxWiZIMpIIPGMGZFxboiO_1763294580
Junior C (Linux) Developer,"c, japanese","Yêu cầu ứng viên

At least 1 year experience with the C language.
Experience working on network systems.
Experience working with Japanese customers.
Ability to work in a collaborative team environment...",https://www.topcv.vn/viec-lam/junior-c-linux-developer/1949698.html?ta_source=JobSearchList_LinkDetail&u_sr_id=KW0jG5PoPB9RO7JaQsbFxWiZIMpIIPGMGZFxboiO_1763294565
Tester - Từ 2 Năm Kinh Nghiệm,"api, jira","Yêu cầu ứng viên
Từ 2 năm kinh nghiệm trong lĩnh vực kiểm thử phần mềm.
Hiểu biết về quy trình kiểm thử phần mềm, vòng đời phát triển phần mềm và các phương pháp kiểm thử.
Có kỹ năng viết test case, t...",https://www.topcv.vn/viec-lam/tester-tu-2-nam-kinh-nghiem/1949600.html?ta_source=JobSearchList_LinkDetail&u_sr_id=KW0jG5PoPB9RO7JaQsbFxWiZIMpIIPGMGZFxboiO_1763294580
IT Camera Support (Thu Nhập Upto 11 Triệu/Tháng),"chủ động, tiếng anh","Yêu cầu ứng viên

- Nam, tốt nghiệp Cao đẳng hoặc tương đương, có kinh nghiệm tối thiểu 01 năm ở vị trí tương đương.

- Kiến thức cơ bản về máy tính và mạng máy tính (LAN, WAN...), thiết bị văn phòng,...",https://www.topcv.vn/viec-lam/it-camera-support-thu-nhap-upto-11-trieu-thang/1932289.html?ta_source=JobSearchList_LinkDetail&u_sr_id=KW0jG5PoPB9RO7JaQsbFxWiZIMpIIPGMGZFxboiO_1763294571
Lập Trình Viên Back-End (Junior),"restful, api, linux, docker, s3, rabbitmq","Yêu cầu ứng viên

2. Yêu cầu ứng viên
Có kinh nghiệm làm việc với Node js (từ 1 năm)
Thành thạo thiết kế và phát triển RESTful API
Hiểu biết và sử dụng Docker
Kinh nghiệm làm việc với hệ thống Queue, ...",https://www.topcv.vn/viec-lam/lap-trinh-vien-back-end-junior/1952031.html?ta_source=JobSearchList_LinkDetail&u_sr_id=KW0jG5PoPB9RO7JaQsbFxWiZIMpIIPGMGZFxboiO_1763294599
Senior Backend Developer (Python),"gcp, flask, azure, ci/cd, restful, python, sql, microservices, api, docker, django, graphql, testing, communication, kubernetes, kafka, aws, ml, fastapi, rabbitmq","Yêu cầu ứng viên

Qualifications

5+ years of professional experience in backend development, primarily with Python.
Proficiency with Python web frameworks (Django, FastAPI, Flask, or similar).
Solid ...",https://www.topcv.vn/viec-lam/senior-backend-developer-python/1950688.html?ta_source=JobSearchList_LinkDetail&u_sr_id=KW0jG5PoPB9RO7JaQsbFxWiZIMpIIPGMGZFxboiO_1763294576
"Fresher Tester (Từ 6 Tháng Kinh Nghiệm, Offer 8-13tr/Tháng)","chủ động, làm việc nhóm, qa","Yêu cầu ứng viên
Tốt nghiệp chuyên ngành CNTT, Hệ thống thông tin quản lý, Khoa học máy tính,.. hoặc các chuyên ngành có liên quan
Có kinh nghiệm 6 tháng – 1 năm trong lĩnh vực Tester hoặc QA.
Thành t...",https://www.topcv.vn/brand/softdreams/tuyen-dung/fresher-tester-tu-6-thang-kinh-nghiem-offer-8-13tr-thang-j1952019.html?ta_source=JobSearchList_LinkDetail&u_sr_id=KW0jG5PoPB9RO7JaQsbFxWiZIMpIIPGMGZFxboiO_1763294580
Java Developer,"ngân hàng, spring, rest, spring boot, agile, scrum, java, hibernate, tài chính","Yêu cầu ứng viên
Có kinh nghiệm từ 3 năm về Java;
Có kinh nghiệm với Java, Spring Boot, Hibernate, Rest APIs, Micro services, design patterns và TDD
Có kinh nghiệm triển khai ứng dụng theo dạng Cloud ...",https://www.topcv.vn/viec-lam/java-developer/1548887.html?ta_source=JobSearchList_LinkDetail&u_sr_id=KW0jG5PoPB9RO7JaQsbFxWiZIMpIIPGMGZFxboiO_1763294616
Chuyên Viên Phân Tích Nghiệp Vụ (Business Analyst),"kế toán, tiếng anh, erp, sap, tư duy logic, tài chính","Yêu cầu ứng viên

- Tốt nghiệp đại học chuyên ngành Kinh tế, Tài chính – Kế toán, Hệ thống thông tin quản lý hoặc các ngành liên quan.

- Từ 3 năm kinh nghiệm ở vị trí tương đương.

- Có kiến thức về ...",https://www.topcv.vn/viec-lam/chuyen-vien-phan-tich-nghiep-vu-business-analyst/1942569.html?ta_source=JobSearchList_LinkDetail&u_sr_id=KW0jG5PoPB9RO7JaQsbFxWiZIMpIIPGMGZFxboiO_1763294589
Trưởng Nhóm Học Thuật Về Lập Trình/ Coding Academic Leader - Quận 9,"giao tiếp, c++, python, thuyết trình","Yêu cầu ứng viên

1/ Trình độ học vấn:

Tốt nghiệp Đại học chuyên ngành CNTT hoặc các ngành kỹ thuật liên quan.
Có chứng chỉ sư phạm phù hợp theo quy định của Bộ Giáo dục và Đào tạo Việt Nam.

2/ Kỹ n...",https://www.topcv.vn/viec-lam/truong-nhom-hoc-thuat-ve-lap-trinh-coding-academic-leader-quan-9/1952097.html?ta_source=JobSearchList_LinkDetail&u_sr_id=KW0jG5PoPB9RO7JaQsbFxWiZIMpIIPGMGZFxboiO_1763294565
Lập Trình Viên ERP (Senior),"xml, json, làm việc nhóm, restful, kế toán, sql, api, tiếng anh, oracle, erp, tư duy logic, tài chính, .net core, swagger, git, sap, c#, postgresql, giao tiếp, sql server, .net, giải quyết vấn đề","Yêu cầu ứng viên
Tốt nghiệp chuyên ngành Công nghệ thông tin, Khoa học máy tính hoặc các ngành liên quan.
Tối thiểu 03 năm kinh nghiệm phát triển phần mềm ERP hoặc hệ thống quản trị doanh nghiệp, ưu t...",https://www.topcv.vn/viec-lam/lap-trinh-vien-erp-senior/1951008.html?ta_source=JobSearchList_LinkDetail&u_sr_id=KW0jG5PoPB9RO7JaQsbFxWiZIMpIIPGMGZFxboiO_1763294576
Business Analyst,"communication, ielts, erp, business analyst, e-commerce, english","Yêu cầu ứng viên

What we’re looking for
- 4+ years of experience as a Business Analyst.
- Strong English communication (verbal & written, IELTS 7.0+).
- Analytical mindset with solid documentation sk...",https://www.topcv.vn/viec-lam/business-analyst/941516.html?ta_source=JobSearchList_LinkDetail&u_sr_id=KW0jG5PoPB9RO7JaQsbFxWiZIMpIIPGMGZFxboiO_1763294576
Nhân Viên Kinh Doanh,"giao tiếp, marketing, crm, đàm phán, chủ động, giải quyết vấn đề","Yêu cầu ứng viên

Kỹ năng chuyên môn

Kỹ năng bán hàng và đàm phán: Biết cách thuyết phục và chốt sale hiệu quả
Kỹ năng giao tiếp: Giao tiếp tự tin, rõ ràng, thuyết phục qua điện thoại, tin nhắn, emai...",https://www.topcv.vn/viec-lam/nhan-vien-kinh-doanh/1951641.html?ta_source=JobSearchList_LinkDetail&u_sr_id=KW0jG5PoPB9RO7JaQsbFxWiZIMpIIPGMGZFxboiO_1763294603
Backend Developer/ Lập Trình Viên Backend (Team Leader - Từ 2 Năm KN) Lương 35-45M - Đi Làm Ngay,"restful, spring, sql, spring boot, api, docker, git, oracle, mysql, ci/cd, java","Yêu cầu ứng viên
Tốt nghiệp chuyên ngành Công nghệ thông tin, Khoa học máy tính... hoặc có kinh nghiệm thực tiễn tương đương.
Kinh nghiệm ít nhất từ 5 năm trở lên trong lĩnh vực lập trình backend.
Kin...",https://www.topcv.vn/viec-lam/backend-developer-lap-trinh-vien-backend-team-leader-tu-2-nam-kn-luong-35-45m-di-lam-ngay/1933783.html?ta_source=JobSearchList_LinkDetail&u_sr_id=KW0jG5PoPB9RO7JaQsbFxWiZIMpIIPGMGZFxboiO_1763294594
Flutter Developer (Up To 1500$),"flutter, ui, rest, tiếng anh, firebase, dart, jira, git, agile, ci/cd, firestore, reactjs","Yêu cầu ứng viên
Tốt nghiệp Đại học ngành Công nghệ thông tin hoặc tương đương.
Ít nhất 3 năm làm mobile, tối thiểu 1 năm lập trình Flutter và đã tham gia 2–3 dự án thực tế thành thạo Dart và Flutter....",https://www.topcv.vn/viec-lam/flutter-developer-up-to-1500/1891310.html?ta_source=JobSearchList_LinkDetail&u_sr_id=KW0jG5PoPB9RO7JaQsbFxWiZIMpIIPGMGZFxboiO_1763294585
PHP Laravel Developer - Review Lương 2 Lần/Năm,"restful, gcp, html, sql, laravel, apache, css, api, aws, linux, php, git, javascript, mysql, chủ động, postgresql","Yêu cầu ứng viên
Có ít nhất 1 năm kinh nghiệm lập trình PHP, nắm vững lập trình hướng đối tượng (OOP) và Laravel Framework.
Có kinh nghiệm làm việc với hệ quản trị cơ sở dữ liệu MySQL/PostgreSQL (viết...",https://www.topcv.vn/viec-lam/php-laravel-developer-review-luong-2-lan-nam/1937731.html?ta_source=JobSearchList_LinkDetail&u_sr_id=KW0jG5PoPB9RO7JaQsbFxWiZIMpIIPGMGZFxboiO_1763294565
AI Compiler Engineer (Fresher),"c++, python, pytorch, machine learning, deep learning, computer vision, english","Yêu cầu ứng viên
A strong willingness to learn.
Graduating or recently graduated students with a Bachelor’s degree in Computer Science, Computer Engineering, or a related field (GPA of at least 8.0).
...",https://www.topcv.vn/viec-lam/ai-compiler-engineer-fresher/1953080.html?ta_source=JobSearchList_LinkDetail&u_sr_id=KW0jG5PoPB9RO7JaQsbFxWiZIMpIIPGMGZFxboiO_1763294594
Lập Trình Frontend (AI & Data),"figma, graphql, giao tiếp, vue, rest, typescript, chủ động, react","Yêu cầu ứng viên

- Từ 2 năm kinh nghiệm Frontend với React hoặc Vue (ưu tiên TypeScript).

- Có tham gia ít nhất 1 sản phẩm/dự án dashboard hoặc web app (demo/portfolio).

- Hiểu tốt web performance,...",https://www.topcv.vn/viec-lam/lap-trinh-frontend-ai-data/1946547.html?ta_source=JobSearchList_LinkDetail&u_sr_id=KW0jG5PoPB9RO7JaQsbFxWiZIMpIIPGMGZFxboiO_1763294580
Trưởng Phòng Công Nghệ Thông Tin (IT Manager),"gcp, sql, aws, data warehouse, business intelligence, bi, tableau, looker, azure, etl, power bi","Yêu cầu ứng viên
Tốt nghiệp chuyên ngành Công nghệ thông tin, Toán – Thống kê, Hệ thống thông tin quản lý hoặc các ngành tương đương.
Có 3–5 năm kinh nghiệm trong lĩnh vực quản lý dữ liệu, Business In...",https://www.topcv.vn/viec-lam/truong-phong-cong-nghe-thong-tin-it-manager/1951442.html?ta_source=JobSearchList_LinkDetail&u_sr_id=KW0jG5PoPB9RO7JaQsbFxWiZIMpIIPGMGZFxboiO_1763294603
Flutter Developer,"kotlin, ios, flutter, ux, ui, ui/ux, firebase, api, swift, dart, git, ci/cd, android, java","Yêu cầu ứng viên
At least 3 years of experience in a similar position
Proficient in Dart and Flutter framework for mobile development (iOS and Android).
Strong understanding of mobile UI/UX principles...",https://www.topcv.vn/viec-lam/flutter-developer/1946706.html?ta_source=JobSearchList_LinkDetail&u_sr_id=KW0jG5PoPB9RO7JaQsbFxWiZIMpIIPGMGZFxboiO_1763294616
Senior IT Helpdesk & System,"firewall, vpn, giao tiếp, đàm phán, linux, quản lý thời gian, chủ động, làm việc nhóm","Yêu cầu ứng viên
Tốt nghiệp Đại Học chuyên ngành Công Nghệ Thông Tin, Lập Trình Phần Mềm, Quản Trị Hệ Thống Thông Tin, … hoặc các ngành khác có liên quan;
Có khoảng 04 năm kinh nghiệm trở lên ở vị trí...",https://www.topcv.vn/viec-lam/senior-it-helpdesk-system/1948484.html?ta_source=JobSearchList_LinkDetail&u_sr_id=KW0jG5PoPB9RO7JaQsbFxWiZIMpIIPGMGZFxboiO_1763294589
IT Help Desk,,"Yêu cầu ứng viên
Nam/ Nữ từ 22-25 tuổi, Tốt nghiệp CĐ/ĐH chuyên ngành CNTT, điện tử viễn thông…
Chấp nhận sinh viên mới ra trường
Ưu tiên ứng viên đã tham ra khóa học CCNA, MCSA
Nhanh nhẹn, trách nhiệ...",https://www.topcv.vn/viec-lam/it-help-desk/1946374.html?ta_source=JobSearchList_LinkDetail&u_sr_id=KW0jG5PoPB9RO7JaQsbFxWiZIMpIIPGMGZFxboiO_1763294616
Technical Lead .Net,".net core, tư duy phản biện, asp.net, sql, entity framework, microservices, tiếng anh, sql server, mysql, agile, scrum, c#, .net, giải quyết vấn đề, postgresql","Yêu cầu ứng viên
Tốt nghiệp Đại học trở lên các chuyên ngành Công nghệ thông tin, Kỹ thuật máy tính hoặc các chuyên ngành liên quan….
Thành thạo ngôn ngữ lập trình C# và framework ASP.NET.
Có từ 5 năm...",https://www.topcv.vn/viec-lam/technical-lead-net/1949442.html?ta_source=JobSearchList_LinkDetail&u_sr_id=KW0jG5PoPB9RO7JaQsbFxWiZIMpIIPGMGZFxboiO_1763294607
Platform Engineer,"redux, angular, azure, reactjs, python, api, tiếng anh, java, mysql, tư duy logic, mongodb, ruby, golang, linux, postgresql, kafka, aws, vuejs, rabbitmq, giải quyết vấn đề","Yêu cầu ứng viên
Tốt nghiệp các ngành liên quan đến Công nghệ thông tin, Khoa học máy tính hoặc các lĩnh vực liên quan
Có ít nhất 5 năm kinh nghiệm trong phát triển phần mềm
Có kinh nghiệm về thiết kế...",https://www.topcv.vn/viec-lam/platform-engineer/1944786.html?ta_source=JobSearchList_LinkDetail&u_sr_id=KW0jG5PoPB9RO7JaQsbFxWiZIMpIIPGMGZFxboiO_1763294612
IT Project Coordinator,"ngân hàng, giao tiếp, confluence, banking, đàm phán, lãnh đạo, tiếng anh, jira, trello, agile, chủ động, scrum, fintech, giải quyết vấn đề","Yêu cầu ứng viên
Tốt nghiệp Đại học chuyên ngành Công nghệ thông tin, Quản trị dự án, Kinh tế hoặc lĩnh vực liên quan.
Kinh nghiệm trên 02 năm trong quản lý hoặc điều phối dự án, ưu tiên các dự án phầ...",https://www.topcv.vn/viec-lam/it-project-coordinator/1949296.html?ta_source=JobSearchList_LinkDetail&u_sr_id=KW0jG5PoPB9RO7JaQsbFxWiZIMpIIPGMGZFxboiO_1763294607
AngularJS Developer,"restful, css3, vue, sass, angular, gulp, angularjs, git, json, javascript, grunt, webpack, html5, less, react","Yêu cầu ứng viên
At least 3 years of experience in a similar position
Solid experience with JavaScript (ES5/ES6) and AngularJS (1.x).
Strong understanding of MVC/MVVM design patterns.
Proficiency in H...",https://www.topcv.vn/viec-lam/angularjs-developer/1946688.html?ta_source=JobSearchList_LinkDetail&u_sr_id=KW0jG5PoPB9RO7JaQsbFxWiZIMpIIPGMGZFxboiO_1763294612
"Thực Tập Sinh Lập Trình Asp.Net Mvc5, Mvc6",asp.net,"Yêu cầu ứng viên

- Ứng viên tốt nghiệp Đại Học hoặc Cao Đẳng ngành it phần mềm,

- Biết cơ bản về lập trình asp.net MVC,

- Là sinh viên năm cuối.

- Đi làm được toàn thời gian...",https://www.topcv.vn/viec-lam/thuc-tap-sinh-lap-trinh-asp-net-mvc5-mvc6/880985.html?ta_source=JobSearchList_LinkDetail&u_sr_id=KW0jG5PoPB9RO7JaQsbFxWiZIMpIIPGMGZFxboiO_1763294594
Chuyên Gia Phát Triển Hệ Thống Tại Hà Nội,"flutter, firebase, ci/cd, restful, gitlab, confluence, banking, api, dart, agile, scrum, tài chính, gitlab ci, owasp, graphql, grpc, encryption, jira, fintech, communication, ngân hàng, github actions, giao tiếp, github, jwt, hive","Yêu cầu ứng viên
Thành thạo Flutter SDK & Dart.
Proficient in Flutter SDK and Dart programming language.
Hiểu rõ Widget tree, BuildContext, lifecycle, stateful/stateless widget, rendering pipeline.
St...",https://www.topcv.vn/viec-lam/chuyen-gia-phat-trien-he-thong-tai-ha-noi/1940674.html?ta_source=JobSearchList_LinkDetail&u_sr_id=KW0jG5PoPB9RO7JaQsbFxWiZIMpIIPGMGZFxboiO_1763294607
Chuyên Viên Quản Trị Hệ Thống,"sql, giao tiếp, sáng tạo, linux, windows server, sql server, chủ động","Yêu cầu ứng viên
Tốt nghiệp Cử nhân Công nghệ Thông tin hoặc chuyên ngành liên quan.
Tối thiểu 2 năm kinh nghiệm ở vị trí tương đương.
Am hiểu thiết bị mạng, điện thoại, thiết bị văn phòng và điện.
Th...",https://www.topcv.vn/viec-lam/chuyen-vien-quan-tri-he-thong/1940859.html?ta_source=JobSearchList_LinkDetail&u_sr_id=KW0jG5PoPB9RO7JaQsbFxWiZIMpIIPGMGZFxboiO_1763294594
Backend Developer,"restful, postgres, python, giao tiếp, api, tiếng anh, docker, git, jwt, mysql, ci/cd, oauth, fastapi, mongodb","Yêu cầu ứng viên

- Thành thạo Python, Git, có kinh nghiệm làm việc với RESTful APIs.
- Có từ 1 đến 2 năm kinh nghiệm phát triển backend với Python/FastAPI.
- Kỹ năng làm việc với cơ sở dữ liệu MongoD...",https://www.topcv.vn/viec-lam/backend-developer/1943675.html?ta_source=JobSearchList_LinkDetail&u_sr_id=KW0jG5PoPB9RO7JaQsbFxWiZIMpIIPGMGZFxboiO_1763294585
Business Analyst (Leader - Dự Án GOV/ Healthcare),"giao tiếp, lãnh đạo, ba, business analyst, chủ động","Yêu cầu ứng viên
Từ 7 năm kinh nghiệm làm Business Analyst trong các dự án phát triển phần mềm;
Có 2 năm kinh nghiệm quản lý đội nhóm BA
Có kinh nghiệm làm việc với khách hàng Chính phủ hoặc có kinh n...",https://www.topcv.vn/viec-lam/business-analyst-leader-du-an-gov-healthcare/1902416.html?ta_source=JobSearchList_LinkDetail&u_sr_id=KW0jG5PoPB9RO7JaQsbFxWiZIMpIIPGMGZFxboiO_1763294616
Giảng Viên Ngành Công Nghệ Thông Tin,"giao tiếp, thuyết trình","Yêu cầu ứng viên

1.Trình độ chuyên môn:

- Tốt nghiệp Thạc sĩ trở lên chuyên ngành Công nghệ thông tin/Khoa học máy tính/Mạng máy tính, Toán - tin, sư phạm Tin hoặc các chuyên ngành tương đương.

2. ...",https://www.topcv.vn/viec-lam/giang-vien-nganh-cong-nghe-thong-tin/1443468.html?ta_source=JobSearchList_LinkDetail&u_sr_id=KW0jG5PoPB9RO7JaQsbFxWiZIMpIIPGMGZFxboiO_1763294607
Sales Channel Manager,"giao tiếp, marketing, crm, đàm phán, lãnh đạo, tiếng anh","Yêu cầu ứng viên
Tốt nghiệp Cao Đẳng chuyên ngành Kinh doanh, Marketing, hoặc CNTT.
Tối thiểu 4 năm kinh nghiệm trong lĩnh vực kinh doanh, ưu tiên ngành công nghệ hoặc sản phẩm có hệ thống phân phối.
...",https://www.topcv.vn/viec-lam/sales-channel-manager/1946698.html?ta_source=JobSearchList_LinkDetail&u_sr_id=KW0jG5PoPB9RO7JaQsbFxWiZIMpIIPGMGZFxboiO_1763294612
System Administration Supervisor,"elasticsearch, firewall, kubernetes, jenkins, support, teamwork, linux, unix, docker, time management, vmware, communication","Yêu cầu ứng viên

Qualification

University Degree majored in Computer Science, Information Technology or any related major

Work Experience

Minimum 04 years working experience in IT infrastructures,...",https://www.topcv.vn/brand/shinhanfinance1/tuyen-dung/system-administration-supervisor-j1882493.html?ta_source=JobSearchList_LinkDetail&u_sr_id=KW0jG5PoPB9RO7JaQsbFxWiZIMpIIPGMGZFxboiO_1763294616
Software Delivery Manager,"giao tiếp, tiếng nhật, giải quyết vấn đề, chủ động","Yêu cầu ứng viên

Must Have

Tối thiểu 5 năm làm việc trong ngành CNTT, trong đó ít nhất 2 năm ở vai trò Project Manager, Delivery Manager hoặc tương đương (quy mô quản lý > 50 người)
Có kinh nghiệm t...",https://www.topcv.vn/viec-lam/software-delivery-manager/1725130.html?ta_source=JobSearchList_LinkDetail&u_sr_id=KW0jG5PoPB9RO7JaQsbFxWiZIMpIIPGMGZFxboiO_1763294612
Middle Embedded Software Engineer,"c++, python, english, c, c#, communication","Yêu cầu ứng viên

Requirements:

3+ Years’ experience in Embedded Software development
Strong proficiency in C, C++, C#, and Python.
Solid experience in IoT system development.
Hands-on experience wit...",https://www.topcv.vn/viec-lam/middle-embedded-software-engineer/1938013.html?ta_source=JobSearchList_LinkDetail&u_sr_id=KW0jG5PoPB9RO7JaQsbFxWiZIMpIIPGMGZFxboiO_1763294585
Kỹ Sư Phát Triển Phần Mềm,"soap, spark, spring boot, junit, go, scala, hibernate, reactjs, spring, sql, api, tiếng anh, docker, mariadb, java, mysql, angularjs, maven, testing, git, toeic, postgresql, kubernetes, giao tiếp, kafka, rest, nodejs, redis, hive, rabbitmq, hadoop","Yêu cầu ứng viên

• Tốt nghiệp đại học chính quy chuyên ngành công nghệ thông tin, khoa học máy tính, kỹ thuật phần mềm (hoặc tương đương).
- Yêu cầu kỹ năng cứng:
• Hiểu biết về lập trình hướng đối t...",https://www.topcv.vn/viec-lam/ky-su-phat-trien-phan-mem/1944391.html?ta_source=JobSearchList_LinkDetail&u_sr_id=KW0jG5PoPB9RO7JaQsbFxWiZIMpIIPGMGZFxboiO_1763294612
Middle/ Senior Backend Engineer - 5 Năm Kinh Nghiệm - Thu Nhập 40 - 70 Triệu - Tại TP.HCM,"spring, maven, sql, teamwork, api, rest, spring boot, testing, time management, gradle, mysql, java, english","Yêu cầu ứng viên

- English: Intermediate to Upper intermediate level.
- Bachelor’s degree in Computer Science, Information Technology, Engineering or relevant field.
- Work experience as a Middle/ Se...",https://www.topcv.vn/viec-lam/middle-senior-backend-engineer-5-nam-kinh-nghiem-thu-nhap-40-70-trieu-tai-tp-hcm/1942361.html?ta_source=JobSearchList_LinkDetail&u_sr_id=KW0jG5PoPB9RO7JaQsbFxWiZIMpIIPGMGZFxboiO_1763294580
Java Backend Engineer,"spring boot, sns, ci/cd, s3, hibernate, restful, spring, sql, microservices, api, rds, docker, eks, git, sqs, communication, kubernetes, kafka, redis, java","Yêu cầu ứng viên
Bachelor’s degree in Computer Science, Information Systems, Software Engineering or related fields;
3+ year of experience with Java 11+ or other JVM languages, familiar with Spring Bo...",https://www.topcv.vn/viec-lam/java-backend-engineer/1950582.html?ta_source=JobSearchList_LinkDetail&u_sr_id=KW0jG5PoPB9RO7JaQsbFxWiZIMpIIPGMGZFxboiO_1763294589
Lập Trình Viên Frontend - P.DVNH,"gcp, pl/sql, entity framework, angular, devops, azure, typescript, scss, ci/cd, làm việc nhóm, reactjs, restful, gitlab, nextjs, sql, microservices, ui/ux, api, tiếng anh, docker, oracle, javascript, mysql, agile, scrum, mongodb, k8s, tài chính, gitlab ci, .net core, css3, ux, git, chủ động, html5, postgresql, ngân hàng, kubernetes, jenkins, giao tiếp, github actions, ui, asp.net, aws, mã hóa, github, openshift, .net, giải quyết vấn đề, react","Yêu cầu ứng viên

- Nền tảng lập trình:
+ Ít nhất 2 năm làm việc trong lĩnh vực Frontend.
+ Có tư duy hệ thống tốt, có thể áp dụng được design patterns phù hợp.
+ Khả năng phân tích và giải quyết vấn ...",https://www.topcv.vn/viec-lam/lap-trinh-vien-frontend-p-dvnh/1948873.html?ta_source=JobSearchList_LinkDetail&u_sr_id=KW0jG5PoPB9RO7JaQsbFxWiZIMpIIPGMGZFxboiO_1763294580
Android Developer,"kotlin, ios, flutter, tư duy logic, android, java, giải quyết vấn đề","Yêu cầu ứng viên
Tốt nghiệp Đại học chuyên ngành CNTT hoặc có liên quan;
Từ 2 năm kinh nghiệm lập trình Android sử dụng ngôn ngữ Kotlin/ Java/ Flutter;
Có cả kinh nghiệm lập trình iOS, Flutter,... là ...",https://www.topcv.vn/viec-lam/android-developer/1950094.html?ta_source=JobSearchList_LinkDetail&u_sr_id=KW0jG5PoPB9RO7JaQsbFxWiZIMpIIPGMGZFxboiO_1763294576
Nhân Viên IT Support / Helpdesk- Thu Nhập Upto 17 Triệu - Tại TP.HCM,giao tiếp,"Yêu cầu ứng viên

• Tốt nghiệp Đại học trở lên thuộc chuyên ngành CNTT.

• Có kinh nghiệm 2 năm ở vị trí IT

• Kỹ năng giao tiếp tốt và năng động;

• Có tính chuyên cần, kỷ luật, có tinh thần trách nh...",https://www.topcv.vn/viec-lam/nhan-vien-it-support-helpdesk-thu-nhap-upto-17-trieu-tai-tp-hcm/1951936.html?ta_source=JobSearchList_LinkDetail&u_sr_id=KW0jG5PoPB9RO7JaQsbFxWiZIMpIIPGMGZFxboiO_1763294565
Senior .NET Developer,"restful, .net core, asp.net, sql, microservices, api, docker, c#, mysql, mssql, tư duy logic, .net, giải quyết vấn đề, postgresql","Yêu cầu ứng viên
Có từ 4 năm kinh nghiệm phát triển với .NET Framework/.NET Core, C#
Thành thạo ASP.NET MVC, ASP.NET Core
Có kinh nghiệm làm việc với MSSQL, Postgresql, MySql
Có kinh nghiệm làm việc v...",https://www.topcv.vn/viec-lam/senior-net-developer/1862166.html?ta_source=JobSearchList_LinkDetail&u_sr_id=KW0jG5PoPB9RO7JaQsbFxWiZIMpIIPGMGZFxboiO_1763294576
Business Analyst (BA) Lương Up To $2000,"phân tích nghiệp vụ, figma, ux, giao tiếp, ui, crm, ui/ux, api, tiếng anh, bi, erp, tư duy logic, business analyst, hrm, product owner, giải quyết vấn đề","Yêu cầu ứng viên
Tốt nghiệp đại học ngành CNTT, Kinh tế.
Kinh nghiệm: tối thiểu 01 năm kinh nghiệm làm việc với vai trò Business Analyst hoặc Product Owner.
Có tư duy logic và giải quyết vấn đề tốt. C...",https://www.topcv.vn/viec-lam/business-analyst-ba-luong-up-to-2000/1953047.html?ta_source=JobSearchList_LinkDetail&u_sr_id=KW0jG5PoPB9RO7JaQsbFxWiZIMpIIPGMGZFxboiO_1763294571
"Lập Trình Viên Fullstack (Từ 2 Năm Kinh Nghiệm, Thu Nhập Upto 2000 USD)","html, flutter, css, angular, spring boot, typescript, làm việc nhóm, reactjs, restful, spring, api, tiếng anh, oracle, javascript, mysql, swagger, jira, git, ant design, postgresql, kafka, redis, java","Yêu cầu ứng viên

Yêu cầu chung:

- Tốt nghiệp ĐH chuyên ngành CNTT và ĐTVT hoặc tương đương.

- Có ít nhất 2 năm kinh nghiệm.

- Kinh nghiệm về Java, Spring boot, Angular, ReactJS, Flutter

- Có hiểu...",https://www.topcv.vn/viec-lam/lap-trinh-vien-fullstack-tu-2-nam-kinh-nghiem-thu-nhap-upto-2000-usd/1886652.html?ta_source=JobSearchList_LinkDetail&u_sr_id=KW0jG5PoPB9RO7JaQsbFxWiZIMpIIPGMGZFxboiO_1763294571
Chuyên Viên Quản Trị Hệ Thống CNTT,"sql, tiếng anh, oracle, mysql, giải quyết vấn đề","Yêu cầu ứng viên
Tốt nghiệp đại học trở lên chuyên ngành CNTT hoặc chuyên ngành có liên quan
Chứng chỉ quốc tế về quản trị cở sở dữ liệu Oracle OCP hoặc các chứng chỉ quốc tế về quản trị CSDL Mysql, S...",https://www.topcv.vn/viec-lam/chuyen-vien-quan-tri-he-thong-cntt/1400088.html?ta_source=JobSearchList_LinkDetail&u_sr_id=KW0jG5PoPB9RO7JaQsbFxWiZIMpIIPGMGZFxboiO_1763294594
"Fresher .Net (6 Tháng-1 Năm KN, Thu Nhập 9-15tr/Tháng)",".net core, sql, tiếng anh, c#, sql server, chủ động, tư duy logic, .net","Yêu cầu ứng viên
6 tháng - 1 năm kinh nghiệm về lập trình .Net Core 
Nắm vững ngôn ngữ C#, hiểu về lập trình hướng đối tượng (OOP).
Có kiến thức cơ bản về .NET Framework hoặc .NET Core, MS SQL Server....",https://www.topcv.vn/brand/softdreams/tuyen-dung/fresher-net-6-thang-1-nam-kn-thu-nhap-9-15tr-thang-j1938995.html?ta_source=JobSearchList_LinkDetail&u_sr_id=KW0jG5PoPB9RO7JaQsbFxWiZIMpIIPGMGZFxboiO_1763294589
Database Developer,"logical thinking, english","Yêu cầu ứng viên

Required Skills

3 years experience as Database Developer.
Ability to learn quickly new technologies.
Able to work both independently and as part of a team.
Ability to effectively pr...",https://www.topcv.vn/viec-lam/database-developer/1945489.html?ta_source=JobSearchList_LinkDetail&u_sr_id=KW0jG5PoPB9RO7JaQsbFxWiZIMpIIPGMGZFxboiO_1763294616
AngularJS Developer,"restful, css3, vue, sass, angular, gulp, angularjs, git, json, javascript, grunt, webpack, html5, less, react","Yêu cầu ứng viên

At least 3 years of experience in a similar position
Solid experience with JavaScript (ES5/ES6) and AngularJS (1.x).
Strong understanding of MVC/MVVM design patterns.
Proficiency in ...",https://www.topcv.vn/viec-lam/angularjs-developer/1946775.html?ta_source=JobSearchList_LinkDetail&u_sr_id=KW0jG5PoPB9RO7JaQsbFxWiZIMpIIPGMGZFxboiO_1763294612
Thực Tập Sinh Công Nghệ Thông Tin (Có Mộc + Có Lương),giao tiếp,"Yêu cầu ứng viên
Không yêu cầu kinh nghiệm
Siêng năng, chịu khó học hỏi
Đam mê ngành IT
Không ngại giao tiếp
Ý chí cầu tiến...",https://www.topcv.vn/viec-lam/thuc-tap-sinh-cong-nghe-thong-tin-co-moc-co-luong/1947689.html?ta_source=JobSearchList_LinkDetail&u_sr_id=KW0jG5PoPB9RO7JaQsbFxWiZIMpIIPGMGZFxboiO_1763294565
"Chuyên Viên Kinh Doanh Dịch Vụ IT (Nhật, Trung)","giao tiếp, tiếng trung, đàm phán, tiếng nhật","Yêu cầu ứng viên
Có kinh nghiệm kinh doanh dịch vụ CNTT hoặc lĩnh vực tương đương
Giao tiếp tốt bằng tiếng Trung hoặc tiếng Nhật
Tư duy dịch vụ, kỹ năng giao tiếp – đàm phán tốt
Ưu tiên ứng viên đã từ...",https://www.topcv.vn/viec-lam/chuyen-vien-kinh-doanh-dich-vu-it-nhat-trung/1769937.html?ta_source=JobSearchList_LinkDetail&u_sr_id=KW0jG5PoPB9RO7JaQsbFxWiZIMpIIPGMGZFxboiO_1763294616
Frontend / ReactJS / NextJS Developer - Từ 2 - 4 Năm Kinh Nghiệm - Thu Nhập 15 - 25 Triệu - Tại Hà Nội,"devops, azure, typescript, ci/cd, làm việc nhóm, reactjs, nextjs, erp, javascript, agile, scrum, webgl, css3, jira, git, azure devops, chủ động, html5, ui, aws","Yêu cầu ứng viên

· Tốt nghiệp đại học chuyên ngành CNTT, Khoa học máy tính, Hệ thống thông tin hoặc tương đương.

· Tối thiểu 2–4 năm kinh nghiệm trong phát triển phần mềm web.

· Thành thạo Front-en...",https://www.topcv.vn/viec-lam/frontend-reactjs-nextjs-developer-tu-2-4-nam-kinh-nghiem-thu-nhap-15-25-trieu-tai-ha-noi/1944459.html?ta_source=JobSearchList_LinkDetail&u_sr_id=KW0jG5PoPB9RO7JaQsbFxWiZIMpIIPGMGZFxboiO_1763294580
Tester (Có Kinh Nghiệm Bank),"giao tiếp, làm việc nhóm, sql","Yêu cầu ứng viên

– Tối thiểu 2,5 năm kinh nghiệm kiểm thử, Có kinh nghiệm Test các dự án web, mobile, Kỹ năng SQL tốt
- Ưu tiên: Có kinh nghiệm bank là lợi thế.
- Kỹ năng giao tiếp và làm việc nhóm t...",https://www.topcv.vn/viec-lam/tester-co-kinh-nghiem-bank/1749736.html?ta_source=JobSearchList_LinkDetail&u_sr_id=KW0jG5PoPB9RO7JaQsbFxWiZIMpIIPGMGZFxboiO_1763294616
IT Helpdesk,tiếng anh,"Yêu cầu ứng viên
Hiểu biết về cấu trúc hệ thống CNTT của doanh nghiệp.
Lắp ráp máy tính, mạng Lan.
Có kinh nghiệm làm về bảo hành các thiết bị tin học
Có kinh nghiệm về các thiết bị lưu trữ và máy chủ...",https://www.topcv.vn/viec-lam/it-helpdesk/1944281.html?ta_source=JobSearchList_LinkDetail&u_sr_id=KW0jG5PoPB9RO7JaQsbFxWiZIMpIIPGMGZFxboiO_1763294585
Backend Developer,"gitlab, spring, kubernetes, asp.net, entity framework, teamwork, spring boot, docker, redis, git, github, ci/cd, rabbitmq, java, hibernate","Yêu cầu ứng viên

- Có ít nhất 1 năm năm kinh nghiệm backend (Java Spring Boot hoặc ASP.NET Core).
- Thành thạo OOP, SOLID principles, Design Patterns.
- Có kinh nghiệm làm việc với ORM (Hibernate/JPA...",https://www.topcv.vn/viec-lam/backend-developer/1943807.html?ta_source=JobSearchList_LinkDetail&u_sr_id=KW0jG5PoPB9RO7JaQsbFxWiZIMpIIPGMGZFxboiO_1763294565
Chuyên Viên IT Helpdesk,"giao tiếp, tiếng anh","Yêu cầu ứng viên

Từ 01 đến 03 năm kinh nghiệm trong lĩnh vực hỗ trợ vận hành hệ thống CNTT, quản trị mạng.

– Phải có hiểu biết về TCP/IP, Routing, Windows XP/7/8. Kinh nghiệm về quản trị/hỗ trợ hệ t...",https://www.topcv.vn/viec-lam/chuyen-vien-it-helpdesk/1949450.html?ta_source=JobSearchList_LinkDetail&u_sr_id=KW0jG5PoPB9RO7JaQsbFxWiZIMpIIPGMGZFxboiO_1763294603
Senior Fullstack Developer (Reactjs/NestJS/Typescript) - 23 - 28 Triệu/ Tháng,"giao tiếp, angular, api, tiếng anh, react, git, oracle, typescript, quản lý thời gian, mysql, tư duy logic, mongodb, giải quyết vấn đề, postgresql","Yêu cầu ứng viên
Học vấn: Cử nhân ngành CNTT, Kỹ thuật phần mềm hoặc lĩnh vực liên quan.
Kinh nghiệm: có 4 năm kinh nghiệm và 2+ năm ở vị trí Backend/Fullstack
Tiếng anh Trung Bình. (Có khả năng đọc h...",https://www.topcv.vn/viec-lam/senior-fullstack-developer-reactjs-nestjs-typescript-23-28-trieu-thang/1946055.html?ta_source=JobSearchList_LinkDetail&u_sr_id=KW0jG5PoPB9RO7JaQsbFxWiZIMpIIPGMGZFxboiO_1763294585
Fullstack Engineer (Nodejs & React),"css, redux, azure, typescript, scss, n3, webpack, reactjs, restful, gitlab, python, sql, jest, sass, api, docker, javascript, jlpt, vite, japanese, testing, git, n4, mocha, postgresql, kubernetes, aws, nodejs","Yêu cầu ứng viên

Education

Bachelor’s degree (or equivalent) in Information Technology, Computer Science, Computer/Electrical/Telecommunication Engineering.

Mandatory Skill


3+ years of hands-on e...",https://www.topcv.vn/viec-lam/fullstack-engineer-nodejs-react/590411.html?ta_source=JobSearchList_LinkDetail&u_sr_id=KW0jG5PoPB9RO7JaQsbFxWiZIMpIIPGMGZFxboiO_1763294585
Chuyên Viên Công Nghệ Thông Tin (IT Associate),"ngân hàng, oracle, mysql, mssql, chủ động, tài chính","Yêu cầu ứng viên

1. Giáo dục/Đào tạo/Education

Tốt nghiệp Đại học hoặc cao hơn, chuyên ngành phù hợp Kiến thức và kỹ năng nghiệp vụ
Graduated from University or higher, majors appropriate

2. Kiến t...",https://www.topcv.vn/viec-lam/chuyen-vien-cong-nghe-thong-tin-it-associate/1941672.html?ta_source=JobSearchList_LinkDetail&u_sr_id=KW0jG5PoPB9RO7JaQsbFxWiZIMpIIPGMGZFxboiO_1763294565
Nhân Viên Software Developer – Frontend (Dev),"restful, ui, laravel, vue, bootstrap, api, git, vuejs, tailwind, ant design","Yêu cầu ứng viên

Bắt buộc

Có kinh nghiệm làm việc với nhiều framework UI khác nhau như Bootstrap, Element, Ant Design và Tailwind.
Kinh nghiệm với VueJS (Vue 2 hoặc Vue 3), bao gồm phát triển dựa tr...",https://www.topcv.vn/viec-lam/nhan-vien-software-developer-frontend-dev/1822581.html?ta_source=JobSearchList_LinkDetail&u_sr_id=KW0jG5PoPB9RO7JaQsbFxWiZIMpIIPGMGZFxboiO_1763294580
Senior JAVA Developer,"restful, spring, pl/sql, sql, microservices, api, jira, git, oracle, mysql, agile, scrum, java, hibernate, tài chính","Yêu cầu ứng viên
Tốt nghiệp Đại học các chuyên ngành Công nghệ thông tin, Khoa học máy tính, Điện tử viễn thông, Công nghệ phần mềm, Hệ thống thông tin ...
Có từ 3-5 năm kinh nghiệm phát triển phần mề...",https://www.topcv.vn/viec-lam/senior-java-developer/1823095.html?ta_source=JobSearchList_LinkDetail&u_sr_id=KW0jG5PoPB9RO7JaQsbFxWiZIMpIIPGMGZFxboiO_1763294603
Kỹ Sư Phát Triển Ứng Dụng Di Động (Mobile Developer),"flutter, ui, firebase, api, tiếng anh, git, ci/cd, chủ động, tư duy logic, reactjs","Yêu cầu ứng viên

Trình độ chuyên môn

Tốt nghiệp cử nhân/kỹ sư CNTT hoặc tương đương.
Có ít nhất 01 năm kinh nghiệm phát triển ứng dụng di động.
Thành thạo Flutter; hiểu biết tốt về cấu trúc dự án mo...",https://www.topcv.vn/viec-lam/ky-su-phat-trien-ung-dung-di-dong-mobile-developer/1940160.html?ta_source=JobSearchList_LinkDetail&u_sr_id=KW0jG5PoPB9RO7JaQsbFxWiZIMpIIPGMGZFxboiO_1763294594
Fresher Project Manager Tiếng Nhật (JP N3+),"python, giao tiếp, lãnh đạo, tiếng anh, aws, vuejs, azure, jlpt, n3, tiếng nhật, java, .net, reactjs","Yêu cầu ứng viên

- Sinh viên đã hoặc sắp tốt nghiệp chuyên ngành Tốt nghiệp chuyên ngành IT.
- Có techstack như Java, .Net, ReactJS, VueJS , Python,... và Cloud : AWS, azure ,...
- Các ứng viên đã từ...",https://www.topcv.vn/viec-lam/fresher-project-manager-tieng-nhat-jp-n3/1947571.html?ta_source=JobSearchList_LinkDetail&u_sr_id=KW0jG5PoPB9RO7JaQsbFxWiZIMpIIPGMGZFxboiO_1763294612
